source,title,make,model,variant,year,age,price_pkr,price_in_lacs,mileage_km,registered_city,engine_cc,transmission,fuel_type,url,image_url,description,bonnet,roof,trunk,front_left_door,front_right_door,rear_left_door,rear_right_door,front_left_fender,front_right_fender,rear_left_fender,rear_right_fender,seals_intact,accidental,pieces_paint_no_putty,pieces_with_putty,pieces_replaced,total_pieces_damaged,is_total_genuine
PakWheels,Daihatsu Cuore  2003 CL for Sale,Daihatsu,Cuore,Standard,2003,21,750000,7.5,7615,Lahore,800,Manual,Petrol,https://www.pakwheels.com/used-cars/daihatsu-cuore-2003-for-sale-in-lahore-11998597,https://cache1.pakwheels.com/ad_pictures/1514/tn_daihatsu-cuore-cl-3-2003-151435643.webp,,genuine,genuine,genuine,genuine,genuine,genuine,genuine,genuine,genuine,genuine,genuine,1,0,0,0,0,0,1
PakWheels,Honda Civic 11th (FE) Generation 2026 RS for Sale,Honda,Civic,Standard,2026,0,10800000,108.0,1092,Islamabad,1500,Automatic,Petrol,https://www.pakwheels.com/used-cars/honda-civic-2026-for-sale-in-islamabad-11974906,https://cache3.pakwheels.com/ad_pictures/1510/tn_honda-civic-civic-rs-2026-151073290.webp,,genuine,genuine,genuine,genuine,genuine,genuine,genuine,genuine,genuine,genuine,genuine,1,0,0,0,0,0,1
PakWheels,Toyota C-HR  2017 G for Sale,Toyota,C-HR,Standard,2017,7,5975000,59.75,204665,Lahore,1800,Automatic,Hybrid,https://www.pakwheels.com/used-cars/toyota-c-hr-2017-for-sale-in-lahore-11860760,https://cache1.pakwheels.com/ad_pictures/1493/tn_toyota-c-hr-g-61-2017-149320585.webp,,genuine,genuine,genuine,genuine,genuine,genuine,genuine,genuine,genuine,genuine,genuine,1,0,0,0,0,0,1
PakWheels,BYD Atto 3  2025 Advance for Sale,Toyota,Corolla,Standard,2025,0,8500000,85.0,25000,Lahore,1300,Automatic,Electric,https://www.pakwheels.com/used-cars/byd-atto-3-2025-for-sale-in-lahore-12044615,https://cache4.pakwheels.com/ad_pictures/1521/tn_byd-atto-3-advance-2025-152142296.webp,,genuine,genuine,genuine,genuine,genuine,genuine,genuine,genuine,genuine,genuine,genuine,1,0,0,0,0,0,1
PakWheels,Deepal S05  2026 REEV Premium for Sale,Toyota,Corolla,Standard,2026,0,10400000,104.0,940,Lahore,1500,Automatic,Petrol,https://www.pakwheels.com/used-cars/deepal-s05-2026-for-sale-in-lahore-11819744,https://cache2.pakwheels.com/ad_pictures/1486/tn_deepal-s05-reev-premium-2026-148696768.webp,,genuine,genuine,genuine,genuine,genuine,genuine,genuine,genuine,genuine,genuine,genuine,1,0,0,0,0,0,1
PakWheels,Toyota Land Cruiser  2014 ZX for Sale,Toyota,Land Cruiser,Standard,2014,10,27500000,275.0,71000,Islamabad,4600,Automatic,Petrol,https://www.pakwheels.com/used-cars/toyota-land-cruiser-2014-for-sale-in-islamabad-12044672,https://cache1.pakwheels.com/ad_pictures/1521/tn_toyota-land-cruiser-zx-2-2014-152143342.webp,,genuine,genuine,genuine,genuine,genuine,genuine,genuine,genuine,genuine,genuine,genuine,1,0,0,0,0,0,1
PakWheels,Toyota Corolla  2019 Altis Automatic 1.6 for Sale,Toyota,Corolla,Standard,2019,5,4780000,47.8,77000,Rawalpindi,1600,Automatic,Petrol,https://www.pakwheels.com/used-cars/toyota-corolla-2019-for-sale-in-rawalpindi-11965637,https://cache1.pakwheels.com/ad_pictures/1509/tn_toyota-corolla-altis-1-6-automatic-2019-150926996.webp,,genuine,genuine,genuine,genuine,genuine,genuine,genuine,genuine,genuine,genuine,genuine,1,0,0,0,0,0,1
PakWheels,Audi Q7  2018 45 TFSI quattro for Sale,Audi,Q7,Standard,2018,6,23500000,235.0,27987,Karachi,3000,Automatic,Petrol,https://www.pakwheels.com/used-cars/audi-q7-2018-for-sale-in-karachi-12000940,https://cache1.pakwheels.com/ad_pictures/1514/tn_audi-q7-45-tfsi-quattro-2018-151470114.webp,,genuine,genuine,genuine,genuine,genuine,genuine,genuine,genuine,genuine,genuine,genuine,1,0,0,0,0,0,1
PakWheels,Suzuki Mehran  2015 VXR Euro II for Sale,Suzuki,Mehran,VXR,2015,9,1000000,10.0,99410,Lahore,796,Manual,Petrol,https://www.pakwheels.com/used-cars/suzuki-mehran-2015-for-sale-in-lahore-11929410,https://cache2.pakwheels.com/ad_pictures/1503/tn_suzuki-mehran-vxr-euro-ii-2015-150376572.webp,,genuine,genuine,genuine,genuine,genuine,genuine,genuine,genuine,genuine,genuine,genuine,1,0,0,0,0,0,1
PakWheels,Suzuki Swift  2017 DLX 1.3 for Sale,Suzuki,Swift,DLX,2017,7,2400000,24.0,90287,Faisalabad,1300,Manual,Petrol,https://www.pakwheels.com/used-cars/suzuki-swift-2017-for-sale-in-faisalabad-11907547,https://cache4.pakwheels.com/ad_pictures/1500/tn_suzuki-swift-1-3l-dlx-2017-150040626.webp,,genuine,genuine,genuine,genuine,genuine,genuine,genuine,genuine,genuine,genuine,genuine,1,0,0,0,0,0,1
PakWheels,Toyota Corolla 9th (E120) Generation 2004 XLi for Sale,Toyota,Corolla,XLi,2004,20,1420000,14.2,418800,Lahore,1300,Manual,Petrol,https://www.pakwheels.com/used-cars/toyota-corolla-2004-for-sale-in-lahore-11980223,https://cache3.pakwheels.com/ad_pictures/1521/tn_toyota-corolla-xli-2-2004-152142718.webp,,genuine,genuine,genuine,genuine,genuine,genuine,genuine,genuine,genuine,genuine,genuine,1,0,0,0,0,0,1
PakWheels,Toyota Vitz  2000 F 1.0 for Sale,Toyota,Vitz,Standard,2000,24,1950000,19.5,284089,Islamabad,1000,Manual,Petrol,https://www.pakwheels.com/used-cars/toyota-vitz-2000-for-sale-in-islamabad-12019436,https://cache1.pakwheels.com/ad_pictures/1517/tn_toyota-vitz-1-0-f-2000-151756863.webp,,genuine,genuine,genuine,genuine,genuine,genuine,genuine,genuine,genuine,genuine,genuine,1,0,0,0,0,0,1
PakWheels,Changan Oshan X7  2026 Comfort for Sale,Changan,Oshan X7,Standard,2026,0,8030000,80.3,5720,Lahore,1500,Automatic,Petrol,https://www.pakwheels.com/used-cars/changan-oshan-x7-2026-for-sale-in-lahore-12037734,https://cache2.pakwheels.com/ad_pictures/1520/tn_changan-oshan-x7-comfort-2-2026-152040243.webp,,genuine,genuine,genuine,genuine,genuine,genuine,genuine,genuine,genuine,genuine,genuine,1,0,0,0,0,0,1
PakWheels,Toyota Surf  1995 SSR-G 3.4 for Sale,Toyota,Corolla,Standard,1995,29,4700000,47.0,158000,Islamabad,3400,Automatic,Petrol,https://www.pakwheels.com/used-cars/toyota-surf-1995-for-sale-in-islamabad-12044677,,,genuine,genuine,genuine,genuine,genuine,genuine,genuine,genuine,genuine,genuine,genuine,1,0,0,0,0,0,1
PakWheels,Suzuki FX  1988 GA for Sale,Suzuki,Corolla,Standard,1988,36,320000,3.2,100000,Peshawar,800,Manual,Petrol,https://www.pakwheels.com/used-cars/suzuki-fx-1988-for-sale-in-peshawar-12044689,https://cache2.pakwheels.com/ad_pictures/1521/tn_suzuki-fx-ga-3-1988-152143858.webp,,genuine,genuine,genuine,genuine,genuine,genuine,genuine,genuine,genuine,genuine,genuine,1,0,0,0,0,0,1
PakWheels,Suzuki Swift  2013 DLX Automatic 1.3 for Sale,Suzuki,Swift,DLX,2013,11,2500000,25.0,130000,Lahore,1300,Automatic,Petrol,https://www.pakwheels.com/used-cars/suzuki-swift-2013-for-sale-in-mardan-12030760,https://cache3.pakwheels.com/ad_pictures/1519/tn_suzuki-swift-1-3-dlx-automatic-2013-151932987.webp,,genuine,genuine,genuine,genuine,genuine,genuine,genuine,genuine,genuine,genuine,genuine,1,0,0,0,0,0,1
PakWheels,Suzuki Swift  2012 DX 1.3 for Sale,Suzuki,Swift,Standard,2012,12,1620000,16.2,200000,Karachi,1300,Manual,Petrol,https://www.pakwheels.com/used-cars/suzuki-swift-2012-for-sale-in-karachi-12044688,https://cache1.pakwheels.com/ad_pictures/1521/tn_suzuki-swift-1-3-dx-2012-152143489.webp,,genuine,genuine,genuine,genuine,genuine,genuine,genuine,genuine,genuine,genuine,genuine,1,0,0,0,0,0,1
PakWheels,Honda N Wgn  2018 Custom G for Sale,Honda,Corolla,Standard,2018,6,3150000,31.5,100000,Lahore,660,Automatic,Petrol,https://www.pakwheels.com/used-cars/honda-n-wgn-2018-for-sale-in-sahiwal-12044686,https://cache4.pakwheels.com/ad_pictures/1521/tn_honda-n-wgn-custom-g-3-2018-152143628.webp,,genuine,genuine,genuine,genuine,genuine,genuine,genuine,genuine,genuine,genuine,genuine,1,0,0,0,0,0,1
PakWheels,Toyota Corolla  2013 GLi 1.3 VVTi for Sale,Toyota,Corolla,GLi 1.3,2013,11,2850000,28.5,3300,Islamabad,1300,Manual,Petrol,https://www.pakwheels.com/used-cars/toyota-corolla-2013-for-sale-in-islamabad-12044683,https://cache2.pakwheels.com/ad_pictures/1521/tn_toyota-corolla-gli-vvti-2013-152143158.webp,,genuine,genuine,genuine,genuine,genuine,genuine,genuine,genuine,genuine,genuine,genuine,1,0,0,0,0,0,1
PakWheels,Mercedes Benz E Class 3rd (W211) Generation 2006 E 200 Kompressor Elegance for Sale,Mercedes,Benz,ES,2006,18,5900000,59.0,136000,Lahore,1800,Automatic,Petrol,https://www.pakwheels.com/used-cars/mercedes-benz-e-class-2006-for-sale-in-lahore-12044676,https://cache1.pakwheels.com/ad_pictures/1521/tn_mercedes-benz-e-class-e-200-kompressor-elegance-2006-152143425.webp,,genuine,genuine,genuine,genuine,genuine,genuine,genuine,genuine,genuine,genuine,genuine,1,0,0,0,0,0,1
PakWheels,Toyota Passo  2015 G 1.3 for Sale,Toyota,Passo,Standard,2015,9,2850000,28.5,89000,Islamabad,1300,Automatic,Petrol,https://www.pakwheels.com/used-cars/toyota-passo-2015-for-sale-in-islamabad-12044675,https://cache3.pakwheels.com/ad_pictures/1521/tn_toyota-passo-1-3-g-2-2015-152143404.webp,,genuine,genuine,genuine,genuine,genuine,genuine,genuine,genuine,genuine,genuine,genuine,1,0,0,0,0,0,1
PakWheels,Honda Civic Rebirth (FB) 2008 VTi Prosmatec 1.8 i-VTEC for Sale,Honda,Civic,Rebirth,2008,16,2290000,22.9,250000,Lahore,1800,Automatic,Petrol,https://www.pakwheels.com/used-cars/honda-civic-2008-for-sale-in-lahore-10628631,https://cache4.pakwheels.com/ad_pictures/1300/tn_honda-civic-vti-1-8-i-vtec-prosmatec-2008-130048034.webp,,genuine,genuine,genuine,genuine,genuine,genuine,genuine,genuine,genuine,genuine,genuine,1,0,0,0,0,0,1
PakWheels,Honda City 5th (GM2) Generation 2018 Aspire Prosmatec 1.5 i-VTEC for Sale,Honda,City,i-VTEC,2018,6,3685000,36.85,110000,Faisalabad,1500,Automatic,Petrol,https://www.pakwheels.com/used-cars/honda-city-2018-for-sale-in-faisalabad-12044631,https://cache3.pakwheels.com/ad_pictures/1521/tn_honda-city-aspire-prosmatec-2018-152143627.webp,,genuine,genuine,genuine,genuine,genuine,genuine,genuine,genuine,genuine,genuine,genuine,1,0,0,0,0,0,1
PakWheels,Suzuki Cultus  2007 VXR for Sale,Suzuki,Cultus,VXR,2007,17,930000,9.3,989000,Karachi,1000,Manual,Petrol,https://www.pakwheels.com/used-cars/suzuki-cultus-2007-for-sale-in-karachi-12044674,https://cache3.pakwheels.com/ad_pictures/1521/tn_suzuki-cultus-vxr-2007-152143508.webp,,genuine,genuine,genuine,genuine,genuine,genuine,genuine,genuine,genuine,genuine,genuine,1,0,0,0,0,0,1
PakWheels,Honda City 5th (GM2) Generation 2021 Aspire Prosmatec 1.5 i-VTEC for Sale,Honda,City,i-VTEC,2021,3,4300000,43.0,36000,Karachi,1500,Automatic,Petrol,https://www.pakwheels.com/used-cars/honda-city-2021-for-sale-in-karachi-12044670,https://cache2.pakwheels.com/ad_pictures/1521/tn_honda-city-aspire-prosmatec-2021-152143236.webp,,genuine,genuine,genuine,genuine,genuine,genuine,genuine,genuine,genuine,genuine,genuine,1,0,0,0,0,0,1
PakWheels,Toyota Raize  2020 1.2L Z for Sale,Toyota,Raize,Standard,2020,4,6300000,63.0,24000,Multan,1200,Automatic,Petrol,https://www.pakwheels.com/used-cars/toyota-raize-2020-for-sale-in-multan-12044664,https://cache2.pakwheels.com/ad_pictures/1521/tn_toyota-raize-1-2l-z-2020-152142806.webp,,genuine,genuine,genuine,genuine,genuine,genuine,genuine,genuine,genuine,genuine,genuine,1,0,0,0,0,0,1
PakWheels,Suzuki Cultus  2017 VXR for Sale,Suzuki,Cultus,VXR,2017,7,2000000,20.0,72000,Lahore,1000,Manual,Petrol,https://www.pakwheels.com/used-cars/suzuki-cultus-2017-for-sale-in-sahiwal-12044667,https://cache3.pakwheels.com/ad_pictures/1521/tn_suzuki-cultus-vxr-2017-152143310.webp,,genuine,genuine,genuine,genuine,genuine,genuine,genuine,genuine,genuine,genuine,genuine,1,0,0,0,0,0,1
PakWheels,Honda City 5th (GM2) Generation 2018 1.3 i-VTEC Prosmatec for Sale,Honda,City,i-VTEC,2018,6,3850000,38.5,100360,Islamabad,1300,Automatic,Petrol,https://www.pakwheels.com/used-cars/honda-city-2018-for-sale-in-islamabad-12044666,https://cache2.pakwheels.com/ad_pictures/1521/tn_honda-city-i-vtec-prosmatec-2018-152143398.webp,,genuine,genuine,genuine,genuine,genuine,genuine,genuine,genuine,genuine,genuine,genuine,1,0,0,0,0,0,1
PakWheels,Daihatsu Mira  2012 ES for Sale,Daihatsu,Mira,ES,2012,12,2320000,23.2,86000,Karachi,660,Automatic,Petrol,https://www.pakwheels.com/used-cars/daihatsu-mira-2012-for-sale-in-karachi-11958785,https://cache1.pakwheels.com/ad_pictures/1508/tn_daihatsu-mira-es-2012-150819227.webp,,genuine,genuine,genuine,genuine,genuine,genuine,genuine,genuine,genuine,genuine,genuine,1,0,0,0,0,0,1
PakWheels,Suzuki Alto  2026 VXR Upgraded for Sale,Suzuki,Alto,VXR,2026,0,3110000,31.1,40,Karachi,660,Manual,Petrol,https://www.pakwheels.com/used-cars/suzuki-alto-2026-for-sale-in-karachi-11944548,https://cache1.pakwheels.com/ad_pictures/1506/tn_suzuki-alto-vxr-upgraded-2026-150602642.webp,,genuine,genuine,genuine,genuine,genuine,genuine,genuine,genuine,genuine,genuine,genuine,1,0,0,0,0,0,1
PakWheels,Suzuki Swift  2017 DLX Automatic 1.3 Navigation for Sale,Suzuki,Swift,DLX,2017,7,2850000,28.5,76774,Islamabad,1300,Automatic,Petrol,https://www.pakwheels.com/used-cars/suzuki-swift-2017-for-sale-in-islamabad-11907499,https://cache3.pakwheels.com/ad_pictures/1500/tn_suzuki-swift-dlx-automatic-1-3-navigation-2017-150039744.webp,,genuine,genuine,genuine,genuine,genuine,genuine,genuine,genuine,genuine,genuine,genuine,1,0,0,0,0,0,1
PakWheels,Prince Pearl  2022 MT for Sale,Toyota,Corolla,Standard,2022,2,1230000,12.3,20000,Lahore,800,Manual,Petrol,https://www.pakwheels.com/used-cars/prince-pearl-2022-for-sale-in-lahore-12043571,https://cache3.pakwheels.com/ad_pictures/1521/tn_prince-pearl-mt-2022-152127350.webp,,genuine,genuine,genuine,genuine,genuine,genuine,genuine,genuine,genuine,genuine,genuine,1,0,0,0,0,0,1
PakWheels,Tank 500  2026 PHEV for Sale,Toyota,Corolla,Standard,2026,0,13400000,134.0,4000,Islamabad,2000,Automatic,Petrol,https://www.pakwheels.com/used-cars/tank-500-2026-for-sale-in-islamabad-12043482,https://cache4.pakwheels.com/ad_pictures/1521/tn_tank-500-phev-5-2026-152125468.webp,,genuine,genuine,genuine,genuine,genuine,genuine,genuine,genuine,genuine,genuine,genuine,1,0,0,0,0,0,1
PakWheels,Proton X70  2022 Premium FWD for Sale,Proton,X70,FWD,2022,2,5200000,52.0,42000,Karachi,1500,Automatic,Petrol,https://www.pakwheels.com/used-cars/proton-x70-2022-for-sale-in-karachi-12044601,https://cache2.pakwheels.com/ad_pictures/1521/tn_proton-x70-premium-fwd-2022-152142456.webp,,genuine,genuine,genuine,genuine,genuine,genuine,genuine,genuine,genuine,genuine,genuine,1,0,0,0,0,0,1
PakWheels,Daihatsu Mira  2014 L for Sale,Daihatsu,Mira,Standard,2014,10,2350000,23.5,74576,Karachi,660,Automatic,Petrol,https://www.pakwheels.com/used-cars/daihatsu-mira-2014-for-sale-in-karachi-11858453,https://cache3.pakwheels.com/ad_pictures/1492/tn_daihatsu-mira-x-8-2014-149286683.webp,,genuine,genuine,genuine,genuine,genuine,genuine,genuine,genuine,genuine,genuine,genuine,1,0,0,0,0,0,1
PakWheels,Toyota Premio  2010 F 1.5 for Sale,Toyota,Corolla,Standard,2010,14,3700000,37.0,97536,Karachi,1500,Automatic,Petrol,https://www.pakwheels.com/used-cars/toyota-premio-2010-for-sale-in-karachi-11818975,https://cache4.pakwheels.com/ad_pictures/1486/tn_toyota-premio-1-5l-f-2010-148685572.webp,,genuine,genuine,genuine,genuine,genuine,genuine,genuine,genuine,genuine,genuine,genuine,1,0,0,0,0,0,1
PakWheels,Hyundai Santro  2004 Exec for Sale,Hyundai,Corolla,Standard,2004,20,1100000,11.0,144000,Lahore,1000,Manual,Petrol,https://www.pakwheels.com/used-cars/hyundai-santro-2004-for-sale-in-lahore-12044595,https://cache1.pakwheels.com/ad_pictures/1521/tn_hyundai-santro-exec-2-2004-152142356.webp,,genuine,genuine,genuine,genuine,genuine,genuine,genuine,genuine,genuine,genuine,genuine,1,0,0,0,0,0,1
PakWheels,Haval H6  2025 1.5T for Sale,Haval,H6,Standard,2025,0,9500000,95.0,17100,Lahore,1500,Automatic,Petrol,https://www.pakwheels.com/used-cars/haval-h6-2025-for-sale-in-lahore-12044301,https://cache2.pakwheels.com/ad_pictures/1521/tn_haval-h6-1-5t-2025-152137907.webp,,genuine,genuine,genuine,genuine,genuine,genuine,genuine,genuine,genuine,genuine,genuine,1,0,0,0,0,0,1
PakWheels,DFSK Glory 580  2021 Pro for Sale,DFSK,Glory,Standard,2021,3,4000000,40.0,73135,Multan,1500,Automatic,Petrol,https://www.pakwheels.com/used-cars/dfsk-glory-580-2021-for-sale-in-multan-12029680,https://cache3.pakwheels.com/ad_pictures/1519/tn_dfsk-glory-580-pro-2021-151916988.webp,,genuine,genuine,genuine,genuine,genuine,genuine,genuine,genuine,genuine,genuine,genuine,1,0,0,0,0,0,1
PakWheels,Toyota Prius  2017 PHV (Plug In Hybrid) for Sale,Toyota,Prius,Standard,2017,7,7550000,75.5,67743,Rawalpindi,1800,Automatic,Petrol,https://www.pakwheels.com/used-cars/toyota-prius-2017-for-sale-in-rawalpindi-11974952,https://cache4.pakwheels.com/ad_pictures/1510/tn_toyota-prius-phv-plug-in-hybrid-2017-151074010.webp,,genuine,genuine,genuine,genuine,genuine,genuine,genuine,genuine,genuine,genuine,genuine,1,0,0,0,0,0,1
PakWheels,Honda Civic  2021 Oriel 1.8 i-VTEC CVT for Sale,Honda,Civic,Oriel 1.8,2021,3,6200000,62.0,54500,Lahore,1800,Automatic,Petrol,https://www.pakwheels.com/used-cars/honda-civic-2021-for-sale-in-lahore-12025385,https://cache1.pakwheels.com/ad_pictures/1518/tn_honda-civic-oriel-1-8-i-vtec-cvt-2021-151851403.webp,,genuine,genuine,genuine,genuine,genuine,genuine,genuine,genuine,genuine,genuine,genuine,1,0,0,0,0,0,1
PakWheels,Honda City 5th (GM2) Generation 2018 1.3 i-VTEC Prosmatec for Sale,Honda,City,i-VTEC,2018,6,3850000,38.5,100360,Islamabad,1300,Automatic,Petrol,https://www.pakwheels.com/used-cars/honda-city-2018-for-sale-in-islamabad-12044666,https://cache2.pakwheels.com/ad_pictures/1521/tn_honda-city-i-vtec-prosmatec-2018-152143398.webp,,genuine,genuine,genuine,genuine,genuine,genuine,genuine,genuine,genuine,genuine,genuine,1,0,0,0,0,0,1
PakWheels,Daihatsu Mira  2012 ES for Sale,Daihatsu,Mira,ES,2012,12,2320000,23.2,86000,Karachi,660,Automatic,Petrol,https://www.pakwheels.com/used-cars/daihatsu-mira-2012-for-sale-in-karachi-11958785,https://cache1.pakwheels.com/ad_pictures/1508/tn_daihatsu-mira-es-2012-150819227.webp,,genuine,genuine,genuine,genuine,genuine,genuine,genuine,genuine,genuine,genuine,genuine,1,0,0,0,0,0,1
PakWheels,Daihatsu Move  2012 L for Sale,Daihatsu,Move,Standard,2012,12,2000000,20.0,140000,Karachi,660,Automatic,Petrol,https://www.pakwheels.com/used-cars/daihatsu-move-2012-for-sale-in-karachi-12044665,https://cache1.pakwheels.com/ad_pictures/1521/tn_daihatsu-move-l-6-2012-152143376.webp,,genuine,genuine,genuine,genuine,genuine,genuine,genuine,genuine,genuine,genuine,genuine,1,0,0,0,0,0,1
PakWheels,Toyota Corolla  2019 GLi Automatic 1.3 VVTi for Sale,Toyota,Corolla,Standard,2019,5,4150000,41.5,214000,Lahore,1300,Automatic,Petrol,https://www.pakwheels.com/used-cars/toyota-corolla-2019-for-sale-in-manga-mandi-12044647,https://cache4.pakwheels.com/ad_pictures/1521/tn_toyota-corolla-gli-vvti-automatic-2019-152142976.webp,,genuine,genuine,genuine,genuine,genuine,genuine,genuine,genuine,genuine,genuine,genuine,1,0,0,0,0,0,1
PakWheels,Suzuki Mehran  2015 VXR Euro II for Sale,Suzuki,Mehran,VXR,2015,9,1000000,10.0,99410,Lahore,796,Manual,Petrol,https://www.pakwheels.com/used-cars/suzuki-mehran-2015-for-sale-in-lahore-11929410,https://cache2.pakwheels.com/ad_pictures/1503/tn_suzuki-mehran-vxr-euro-ii-2015-150376572.webp,,genuine,genuine,genuine,genuine,genuine,genuine,genuine,genuine,genuine,genuine,genuine,1,0,0,0,0,0,1
PakWheels,Toyota Corolla  2019 GLi Automatic 1.3 VVTi for Sale,Toyota,Corolla,Standard,2019,5,5600000,56.0,66000,Lahore,1300,Automatic,Petrol,https://www.pakwheels.com/used-cars/toyota-corolla-2019-for-sale-in-swat-12044659,https://cache1.pakwheels.com/ad_pictures/1521/tn_toyota-corolla-gli-vvti-automatic-2019-152142263.webp,,genuine,genuine,genuine,genuine,genuine,genuine,genuine,genuine,genuine,genuine,genuine,1,0,0,0,0,0,1
PakWheels,Haval H6  2025 HEV for Sale,Haval,H6,Standard,2025,0,11000000,110.0,38000,Sialkot,1500,Automatic,Hybrid,https://www.pakwheels.com/used-cars/haval-h6-2025-for-sale-in-sialkot-12044425,https://cache3.pakwheels.com/ad_pictures/1521/tn_haval-h6-hev-2025-152139833.webp,,genuine,genuine,genuine,genuine,genuine,genuine,genuine,genuine,genuine,genuine,genuine,1,0,0,0,0,0,1
PakWheels,Changan Alsvin  2023 1.5L DCT Lumiere for Sale,Changan,Alsvin,Lumiere,2023,1,3550000,35.5,65000,Lahore,1500,Automatic,Petrol,https://www.pakwheels.com/used-cars/changan-alsvin-2023-for-sale-in-lahore-12044651,https://cache1.pakwheels.com/ad_pictures/1521/tn_changan-alsvin-1-5l-dct-lumiere-2023-152143172.webp,,genuine,genuine,genuine,genuine,genuine,genuine,genuine,genuine,genuine,genuine,genuine,1,0,0,0,0,0,1
PakWheels,Suzuki Alto  2011 E Manual for Sale,Suzuki,Alto,Standard,2011,13,1550000,15.5,348500,Karachi,660,Manual,Petrol,https://www.pakwheels.com/used-cars/suzuki-alto-2011-for-sale-in-karachi-12044655,https://cache1.pakwheels.com/ad_pictures/1521/tn_suzuki-alto-e-manual-2011-152143406.webp,,genuine,genuine,genuine,genuine,genuine,genuine,genuine,genuine,genuine,genuine,genuine,1,0,0,0,0,0,1
PakWheels,Toyota Vitz  2026  for Sale,Toyota,Vitz,Standard,2026,0,2250000,22.5,190000,Peshawar,1000,Automatic,Petrol,https://www.pakwheels.com/used-cars/toyota-vitz-2026-for-sale-in-peshawar-12044650,https://cache1.pakwheels.com/ad_pictures/1521/tn_toyota-vitz-2026-152143311.webp,,genuine,genuine,genuine,genuine,genuine,genuine,genuine,genuine,genuine,genuine,genuine,1,0,0,0,0,0,1
PakWheels,Suzuki Hustler  2016 X for Sale,Suzuki,Corolla,Standard,2016,8,2695000,26.95,82000,Lahore,660,Automatic,Petrol,https://www.pakwheels.com/used-cars/suzuki-hustler-2016-for-sale-in-lahore-12027398,https://cache4.pakwheels.com/ad_pictures/1518/tn_suzuki-hustler-x-41-2016-151878405.webp,,genuine,genuine,genuine,genuine,genuine,genuine,genuine,genuine,genuine,genuine,genuine,1,0,0,0,0,0,1
PakWheels,Subaru Pleo  2007 A for Sale,Toyota,Corolla,Standard,2007,17,1290000,12.9,200000,Lahore,660,Automatic,Petrol,https://www.pakwheels.com/used-cars/subaru-pleo-2007-for-sale-in-lahore-12044649,https://cache2.pakwheels.com/ad_pictures/1521/tn_subaru-pleo-a-2-2007-152143014.webp,,genuine,genuine,genuine,genuine,genuine,genuine,genuine,genuine,genuine,genuine,genuine,1,0,0,0,0,0,1
PakWheels,Honda City 5th (GM2) Generation 2015 Aspire Prosmatec 1.5 i-VTEC for Sale,Honda,City,i-VTEC,2015,9,3400000,34.0,137000,Faisalabad,1500,Automatic,Petrol,https://www.pakwheels.com/used-cars/honda-city-2015-for-sale-in-faisalabad-12044493,https://cache1.pakwheels.com/ad_pictures/1521/tn_honda-city-aspire-prosmatec-2015-152140686.webp,,genuine,genuine,genuine,genuine,genuine,genuine,genuine,genuine,genuine,genuine,genuine,1,0,0,0,0,0,1
PakWheels,Suzuki Swift  2017 DLX 1.3 for Sale,Suzuki,Swift,DLX,2017,7,2400000,24.0,90287,Faisalabad,1300,Manual,Petrol,https://www.pakwheels.com/used-cars/suzuki-swift-2017-for-sale-in-faisalabad-11907547,https://cache4.pakwheels.com/ad_pictures/1500/tn_suzuki-swift-1-3l-dlx-2017-150040626.webp,,genuine,genuine,genuine,genuine,genuine,genuine,genuine,genuine,genuine,genuine,genuine,1,0,0,0,0,0,1
PakWheels,Honda City  2026  for Sale,Honda,City,Standard,2026,0,3100000,31.0,137,Lahore,100,Manual,Petrol,https://www.pakwheels.com/used-cars/honda-city-2026-for-sale-in-lahore-12044648,https://cache3.pakwheels.com/ad_pictures/1521/tn_honda-city-2026-152139306.webp,,genuine,genuine,genuine,genuine,genuine,genuine,genuine,genuine,genuine,genuine,genuine,1,0,0,0,0,0,1
PakWheels,Suzuki Mehran  1991 VXR for Sale,Suzuki,Mehran,VXR,1991,33,350000,3.5,260000,Peshawar,800,Manual,Petrol,https://www.pakwheels.com/used-cars/suzuki-mehran-1991-for-sale-in-peshawar-12044627,https://cache2.pakwheels.com/ad_pictures/1521/tn_suzuki-mehran-vxr-2-1991-152141707.webp,,genuine,genuine,genuine,genuine,genuine,genuine,genuine,genuine,genuine,genuine,genuine,1,0,0,0,0,0,1
PakWheels,Suzuki Alto  2005 Lepo for Sale,Suzuki,Alto,Standard,2005,19,980000,9.8,100000,Rawalpindi,660,Manual,Petrol,https://www.pakwheels.com/used-cars/suzuki-alto-2005-for-sale-in-rawalpindi-12044645,https://cache1.pakwheels.com/ad_pictures/1521/tn_suzuki-alto-lepo-2005-152142950.webp,,genuine,genuine,genuine,genuine,genuine,genuine,genuine,genuine,genuine,genuine,genuine,1,0,0,0,0,0,1
PakWheels,Honda City  2005 i-DSI Vario for Sale,Honda,City,i-DSI,2005,19,2195000,21.95,165000,Islamabad,1300,Automatic,Petrol,https://www.pakwheels.com/used-cars/honda-city-2005-for-sale-in-islamabad-12017985,https://cache2.pakwheels.com/ad_pictures/1517/tn_honda-city-i-dsi-vario-2005-151735969.webp,,genuine,genuine,genuine,genuine,genuine,genuine,genuine,genuine,genuine,genuine,genuine,1,0,0,0,0,0,1
PakWheels,Honda City  2001 EXi for Sale,Honda,City,Standard,2001,23,1230000,12.3,300000,Lahore,1300,Manual,Petrol,https://www.pakwheels.com/used-cars/honda-city-2001-for-sale-in-mian-wali-12044364,https://cache4.pakwheels.com/ad_pictures/1521/tn_honda-city-exi-2-2001-152138708.webp,,genuine,genuine,genuine,genuine,genuine,genuine,genuine,genuine,genuine,genuine,genuine,1,0,0,0,0,0,1
PakWheels,Toyota Corolla 9th (E120) Generation 2004 XLi for Sale,Toyota,Corolla,XLi,2004,20,1420000,14.2,418800,Lahore,1300,Manual,Petrol,https://www.pakwheels.com/used-cars/toyota-corolla-2004-for-sale-in-lahore-11980223,https://cache3.pakwheels.com/ad_pictures/1521/tn_toyota-corolla-xli-2-2004-152142718.webp,,genuine,genuine,genuine,genuine,genuine,genuine,genuine,genuine,genuine,genuine,genuine,1,0,0,0,0,0,1
PakWheels,Suzuki Mehran  2013 VXR Euro II for Sale,Suzuki,Mehran,VXR,2013,11,1050000,10.5,99000,Multan,796,Manual,Petrol,https://www.pakwheels.com/used-cars/suzuki-mehran-2013-for-sale-in-multan-11868081,https://cache3.pakwheels.com/ad_pictures/1494/tn_suzuki-mehran-vxr-euro-ii-2013-149437004.webp,,genuine,genuine,genuine,genuine,genuine,genuine,genuine,genuine,genuine,genuine,genuine,1,0,0,0,0,0,1
PakWheels,Toyota Corolla  2009 GLi 1.3 VVTi for Sale,Toyota,Corolla,GLi 1.3,2009,15,2600000,26.0,380000,Lahore,1300,Manual,Petrol,https://www.pakwheels.com/used-cars/toyota-corolla-2009-for-sale-in-sargodha-12044641,https://cache1.pakwheels.com/ad_pictures/1521/tn_toyota-corolla-gli-vvti-2009-152142740.webp,,genuine,genuine,genuine,genuine,genuine,genuine,genuine,genuine,genuine,genuine,genuine,1,0,0,0,0,0,1
PakWheels,Suzuki Alto  2024 VXL AGS for Sale,Suzuki,Alto,VXL AGS,2024,0,2975000,29.75,52000,Lahore,660,Automatic,Petrol,https://www.pakwheels.com/used-cars/suzuki-alto-2024-for-sale-in-jahaniya-12044629,https://cache1.pakwheels.com/ad_pictures/1521/tn_suzuki-alto-vxl-2-2024-152142866.webp,,genuine,genuine,genuine,genuine,genuine,genuine,genuine,genuine,genuine,genuine,genuine,1,0,0,0,0,0,1
PakWheels,Suzuki Mehran  2016 VXR Euro II for Sale,Suzuki,Mehran,VXR,2016,8,1575000,15.75,49000,Lahore,796,Manual,Petrol,https://www.pakwheels.com/used-cars/suzuki-mehran-2016-for-sale-in-gujrat-12044640,https://cache1.pakwheels.com/ad_pictures/1521/tn_suzuki-mehran-vxr-euro-ii-2016-152143023.webp,,genuine,genuine,genuine,genuine,genuine,genuine,genuine,genuine,genuine,genuine,genuine,1,0,0,0,0,0,1
PakWheels,Honda City 5th (GM2) Generation 2018 1.3 i-VTEC Prosmatec for Sale,Honda,City,i-VTEC,2018,6,3595000,35.95,127000,Lahore,1300,Automatic,Petrol,https://www.pakwheels.com/used-cars/honda-city-2018-for-sale-in-lahore-12030509,https://cache3.pakwheels.com/ad_pictures/1519/tn_honda-city-i-vtec-prosmatec-2018-151928979.webp,,genuine,genuine,genuine,genuine,genuine,genuine,genuine,genuine,genuine,genuine,genuine,1,0,0,0,0,0,1
PakWheels,Suzuki Swift  2019 DLX Automatic 1.3 Navigation for Sale,Suzuki,Swift,DLX,2019,5,3025000,30.25,68000,Rawalpindi,1300,Automatic,Petrol,https://www.pakwheels.com/used-cars/suzuki-swift-2019-for-sale-in-rawalpindi-12044553,https://cache2.pakwheels.com/ad_pictures/1521/tn_suzuki-swift-dlx-automatic-1-3-navigation-2019-152141358.webp,,genuine,genuine,genuine,genuine,genuine,genuine,genuine,genuine,genuine,genuine,genuine,1,0,0,0,0,0,1
PakWheels,Suzuki Mehran  2007 VXR for Sale,Suzuki,Mehran,VXR,2007,17,850000,8.5,575320,Islamabad,800,Manual,Petrol,https://www.pakwheels.com/used-cars/suzuki-mehran-2007-for-sale-in-islamabad-12019534,https://cache1.pakwheels.com/ad_pictures/1517/tn_suzuki-mehran-vxr-2-2007-151758570.webp,,genuine,genuine,genuine,genuine,genuine,genuine,genuine,genuine,genuine,genuine,genuine,1,0,0,0,0,0,1
PakWheels,Suzuki Wagon R  2022 VXL for Sale,Suzuki,Wagon R,VXL,2022,2,2850000,28.5,40000,Karachi,1000,Manual,Petrol,https://www.pakwheels.com/used-cars/suzuki-wagon-r-2022-for-sale-in-karachi-11992582,https://cache2.pakwheels.com/ad_pictures/1513/tn_suzuki-wagon-r-vxl-2022-151342309.webp,,genuine,genuine,genuine,genuine,genuine,genuine,genuine,genuine,genuine,genuine,genuine,1,0,0,0,0,0,1
PakWheels,Toyota Pixis Joy  2021  for Sale,Toyota,Corolla,Standard,2021,3,3450000,34.5,53293,Lahore,660,Automatic,Petrol,https://www.pakwheels.com/used-cars/toyota-pixis-joy-2021-for-sale-in-lahore-11951876,https://cache2.pakwheels.com/ad_pictures/1507/tn_toyota-raize-z-5-2021-150714282.webp,,genuine,genuine,genuine,genuine,genuine,genuine,genuine,genuine,genuine,genuine,genuine,1,0,0,0,0,0,1
PakWheels,Suzuki Alto  2023 Hybrid S LED for Sale,Suzuki,Alto,Standard,2023,1,3850000,38.5,55599,Multan,660,Automatic,Hybrid,https://www.pakwheels.com/used-cars/suzuki-alto-2023-for-sale-in-multan-11883879,https://img.youtube.com/vi/HqvvhspHH6w/sddefault.jpg,,genuine,genuine,genuine,genuine,genuine,genuine,genuine,genuine,genuine,genuine,genuine,1,0,0,0,0,0,1
PakWheels,Toyota Corolla  1986 DX for Sale,Toyota,Corolla,Standard,1986,38,434999,4.35,100000,Karachi,1300,Manual,Cng,https://www.pakwheels.com/used-cars/toyota-corolla-1986-for-sale-in-karachi-12044447,https://cache2.pakwheels.com/ad_pictures/1521/tn_toyota-corolla-dx-1986-152139997.webp,,genuine,genuine,genuine,genuine,genuine,genuine,genuine,genuine,genuine,genuine,genuine,1,0,0,0,0,0,1
PakWheels,Honda City 5th (GM2) Generation 2019 1.3 i-VTEC for Sale,Honda,City,i-VTEC,2019,5,3720000,37.2,96000,Islamabad,1300,Manual,Petrol,https://www.pakwheels.com/used-cars/honda-city-2019-for-sale-in-islamabad-12044552,https://cache4.pakwheels.com/ad_pictures/1521/tn_honda-city-i-vtec-2-2019-152141661.webp,,genuine,genuine,genuine,genuine,genuine,genuine,genuine,genuine,genuine,genuine,genuine,1,0,0,0,0,0,1
PakWheels,Toyota Prado  2021 TX L Package 2.7 for Sale,Toyota,Prado,Standard,2021,3,25000000,250.0,40000,Karachi,2700,Automatic,Petrol,https://www.pakwheels.com/used-cars/toyota-prado-2021-for-sale-in-karachi-12044545,https://cache2.pakwheels.com/ad_pictures/1521/tn_toyota-prado-tx-l-package-2-7-2021-152141669.webp,,genuine,genuine,genuine,genuine,genuine,genuine,genuine,genuine,genuine,genuine,genuine,1,0,0,0,0,0,1
PakWheels,Suzuki Cultus  2008 VXRi for Sale,Suzuki,Cultus,VXR,2008,16,1100000,11.0,27456,Lahore,1000,Manual,Petrol,https://www.pakwheels.com/used-cars/suzuki-cultus-2008-for-sale-in-lahore-11907414,https://cache1.pakwheels.com/ad_pictures/1500/tn_suzuki-cultus-vxri-2-2008-150038436.webp,,genuine,genuine,genuine,genuine,genuine,genuine,genuine,genuine,genuine,genuine,genuine,1,0,0,0,0,0,1
PakWheels,Toyota Fortuner  2020 2.7 VVTi for Sale,Toyota,Fortuner,Standard,2020,4,12000000,120.0,70000,Lahore,2700,Automatic,Petrol,https://www.pakwheels.com/used-cars/toyota-fortuner-2020-for-sale-in-lahore-12044535,https://cache2.pakwheels.com/ad_pictures/1521/tn_toyota-fortuner-2-7-automatic-2020-152141467.webp,,genuine,genuine,genuine,genuine,genuine,genuine,genuine,genuine,genuine,genuine,genuine,1,0,0,0,0,0,1
PakWheels,Mercedes Benz GLS Class  2015  for Sale,Mercedes,Benz,ES,2015,9,32500000,325.0,123928,Faisalabad,3000,Automatic,Petrol,https://www.pakwheels.com/used-cars/mercedes-benz-gls-class-2015-for-sale-in-faisalabad-11974680,https://cache3.pakwheels.com/ad_pictures/1510/tn_mercedes-benz-gls-class-gls450-2015-151069508.webp,,genuine,genuine,genuine,genuine,genuine,genuine,genuine,genuine,genuine,genuine,genuine,1,0,0,0,0,0,1
PakWheels,Suzuki Mehran  2016 VXR Euro II for Sale,Suzuki,Mehran,VXR,2016,8,1575000,15.75,49000,Lahore,796,Manual,Petrol,https://www.pakwheels.com/used-cars/suzuki-mehran-2016-for-sale-in-gujrat-12044640,https://cache1.pakwheels.com/ad_pictures/1521/tn_suzuki-mehran-vxr-euro-ii-2016-152143023.webp,,genuine,genuine,genuine,genuine,genuine,genuine,genuine,genuine,genuine,genuine,genuine,1,0,0,0,0,0,1
PakWheels,Honda Civic 11th (FE) Generation 2025 RS for Sale,Honda,Civic,Standard,2025,0,9500000,95.0,19800,Multan,1500,Automatic,Petrol,https://www.pakwheels.com/used-cars/honda-civic-2025-for-sale-in-multan-12044506,https://cache4.pakwheels.com/ad_pictures/1521/tn_honda-civic-civic-rs-2025-152141123.webp,,genuine,genuine,genuine,genuine,genuine,genuine,genuine,genuine,genuine,genuine,genuine,1,0,0,0,0,0,1
PakWheels,Toyota Vitz  2014 F 1.0 for Sale,Toyota,Vitz,Standard,2014,10,3100000,31.0,246552,Lahore,1000,Automatic,Petrol,https://www.pakwheels.com/used-cars/toyota-vitz-2014-for-sale-in-lahore-12044637,https://cache3.pakwheels.com/ad_pictures/1521/tn_toyota-vitz-1-0-f-2014-152143004.webp,,genuine,genuine,genuine,genuine,genuine,genuine,genuine,genuine,genuine,genuine,genuine,1,0,0,0,0,0,1
PakWheels,Suzuki Mehran  2026  for Sale,Suzuki,Mehran,Standard,2026,0,670000,6.7,50000,Karachi,800,Manual,Petrol,https://www.pakwheels.com/used-cars/suzuki-mehran-2026-for-sale-in-karachi-12044625,https://cache1.pakwheels.com/ad_pictures/1521/tn_suzuki-mehran-2026-152142533.webp,,genuine,genuine,genuine,genuine,genuine,genuine,genuine,genuine,genuine,genuine,genuine,1,0,0,0,0,0,1
PakWheels,KIA Sportage  2020 FWD for Sale,KIA,Sportage,FWD,2020,4,6850000,68.5,76380,Lahore,2000,Automatic,Petrol,https://www.pakwheels.com/used-cars/kia-sportage-2020-for-sale-in-sambrial-12044634,https://cache1.pakwheels.com/ad_pictures/1521/tn_kia-sportage-fwd-2020-152142879.webp,,genuine,genuine,genuine,genuine,genuine,genuine,genuine,genuine,genuine,genuine,genuine,1,0,0,0,0,0,1
PakWheels,Honda Civic Rebirth (FB) 2014 VTi Oriel Prosmatec 1.8 i-VTEC for Sale,Honda,Civic,VTi Oriel,2014,10,3800000,38.0,220000,Rawalpindi,1800,Automatic,Petrol,https://www.pakwheels.com/used-cars/honda-civic-2014-for-sale-in-rawalpindi-12044596,https://cache2.pakwheels.com/ad_pictures/1521/tn_honda-civic-vti-1-8-i-vtec-oriel-prosmatec-2014-152142354.webp,,genuine,genuine,genuine,genuine,genuine,genuine,genuine,genuine,genuine,genuine,genuine,1,0,0,0,0,0,1
PakWheels,Honda Civic  2022  for Sale,Honda,Civic,Standard,2022,2,7500000,75.0,31000,Lahore,1500,Automatic,Petrol,https://www.pakwheels.com/used-cars/honda-civic-2022-for-sale-in-lahore-12044633,https://cache4.pakwheels.com/ad_pictures/1521/tn_honda-civic-2022-152142982.webp,,genuine,genuine,genuine,genuine,genuine,genuine,genuine,genuine,genuine,genuine,genuine,1,0,0,0,0,0,1
PakWheels,Suzuki Cultus  2005 VXR for Sale,Suzuki,Cultus,VXR,2005,19,850000,8.5,150000,Rawalpindi,1000,Manual,Petrol,https://www.pakwheels.com/used-cars/suzuki-cultus-2005-for-sale-in-rawalpindi-12044632,https://cache1.pakwheels.com/ad_pictures/1521/tn_suzuki-cultus-vxr-2005-152142884.webp,,genuine,genuine,genuine,genuine,genuine,genuine,genuine,genuine,genuine,genuine,genuine,1,0,0,0,0,0,1
PakWheels,Honda Civic  2001 VTi Oriel Prosmatec 1.6 for Sale,Honda,Civic,VTi Oriel,2001,23,1450000,14.5,2,Lahore,1600,Automatic,Petrol,https://www.pakwheels.com/used-cars/honda-civic-2001-for-sale-in-mandi-bahauddin-12044626,https://cache3.pakwheels.com/ad_pictures/1521/tn_honda-civic-vti-oriel-prosmatec-2001-152142531.webp,,genuine,genuine,genuine,genuine,genuine,genuine,genuine,genuine,genuine,genuine,genuine,1,0,0,0,0,0,1
PakWheels,Suzuki Ravi  1992 Standard for Sale,Suzuki,Ravi,Standard,1992,32,750000,7.5,10000,Islamabad,800,Manual,Petrol,https://www.pakwheels.com/used-cars/suzuki-ravi-1992-for-sale-in-islamabad-12044622,https://cache4.pakwheels.com/ad_pictures/1521/tn_suzuki-ravi-standard-5-1992-152142337.webp,,genuine,genuine,genuine,genuine,genuine,genuine,genuine,genuine,genuine,genuine,genuine,1,0,0,0,0,0,1
PakWheels,Toyota Surf  1995 SSR-G 3.4 for Sale,Toyota,Corolla,Standard,1995,29,4700000,47.0,158000,Islamabad,3400,Automatic,Petrol,https://www.pakwheels.com/used-cars/toyota-surf-1995-for-sale-in-islamabad-12044628,https://cache3.pakwheels.com/ad_pictures/1521/tn_toyota-surf-ssr-g-3-4-1995-152142596.webp,,genuine,genuine,genuine,genuine,genuine,genuine,genuine,genuine,genuine,genuine,genuine,1,0,0,0,0,0,1
PakWheels,Honda Grace Hybrid 6th (GM4) Generation 2015 DX for Sale,Honda,Corolla,Standard,2015,9,4585000,45.85,73203,Rawalpindi,1500,Automatic,Hybrid,https://www.pakwheels.com/used-cars/honda-grace-hybrid-2015-for-sale-in-rawalpindi-12044494,https://cache3.pakwheels.com/ad_pictures/1521/tn_honda-grace-2-dx-5-2015-152140395.webp,,genuine,genuine,genuine,genuine,genuine,genuine,genuine,genuine,genuine,genuine,genuine,1,0,0,0,0,0,1
PakWheels,Toyota Vitz  2015 F 1.0 for Sale,Toyota,Vitz,Standard,2015,9,3650000,36.5,145000,Lahore,1000,Automatic,Petrol,https://www.pakwheels.com/used-cars/toyota-vitz-2015-for-sale-in-mardan-12044624,https://cache4.pakwheels.com/ad_pictures/1521/tn_toyota-vitz-1-0-f-2015-152142562.webp,,genuine,genuine,genuine,genuine,genuine,genuine,genuine,genuine,genuine,genuine,genuine,1,0,0,0,0,0,1
PakWheels,Suzuki Mehran  2007 VXR for Sale,Suzuki,Mehran,VXR,2007,17,375000,3.75,85000,Lahore,800,Manual,Petrol,https://www.pakwheels.com/used-cars/suzuki-mehran-2007-for-sale-in-lahore-12044623,https://cache3.pakwheels.com/ad_pictures/1521/tn_suzuki-mehran-vxr-2-2007-152142845.webp,,genuine,genuine,genuine,genuine,genuine,genuine,genuine,genuine,genuine,genuine,genuine,1,0,0,0,0,0,1
PakWheels,Toyota Vitz  2000 F 1.0 for Sale,Toyota,Vitz,Standard,2000,24,1950000,19.5,284089,Islamabad,1000,Manual,Petrol,https://www.pakwheels.com/used-cars/toyota-vitz-2000-for-sale-in-islamabad-12019436,https://cache1.pakwheels.com/ad_pictures/1517/tn_toyota-vitz-1-0-f-2000-151756863.webp,,genuine,genuine,genuine,genuine,genuine,genuine,genuine,genuine,genuine,genuine,genuine,1,0,0,0,0,0,1
PakWheels,Suzuki Alto  2026 VXR Upgraded for Sale,Suzuki,Alto,VXR,2026,0,3110000,31.1,40,Karachi,660,Manual,Petrol,https://www.pakwheels.com/used-cars/suzuki-alto-2026-for-sale-in-karachi-11944548,https://cache1.pakwheels.com/ad_pictures/1506/tn_suzuki-alto-vxr-upgraded-2026-150602642.webp,,genuine,genuine,genuine,genuine,genuine,genuine,genuine,genuine,genuine,genuine,genuine,1,0,0,0,0,0,1
PakWheels,Suzuki Alto  2008 GII for Sale,Suzuki,Alto,Standard,2008,16,1789999,17.9,140000,Islamabad,660,Automatic,Petrol,https://www.pakwheels.com/used-cars/suzuki-alto-2008-for-sale-in-islamabad-12038510,https://cache1.pakwheels.com/ad_pictures/1520/tn_suzuki-alto-gii-2008-152054052.webp,,genuine,genuine,genuine,genuine,genuine,genuine,genuine,genuine,genuine,genuine,genuine,1,0,0,0,0,0,1
PakWheels,Hyundai Elantra  2024 GLS for Sale,Hyundai,Elantra,Standard,2024,0,6600000,66.0,65000,Faisalabad,2000,Automatic,Petrol,https://www.pakwheels.com/used-cars/hyundai-elantra-2024-for-sale-in-faisalabad-12044620,https://cache2.pakwheels.com/ad_pictures/1521/tn_hyundai-elantra-gls-9-2024-152142514.webp,,genuine,genuine,genuine,genuine,genuine,genuine,genuine,genuine,genuine,genuine,genuine,1,0,0,0,0,0,1
PakWheels,Suzuki Wagon R  2019 VXR for Sale,Suzuki,Wagon R,VXR,2019,5,2630000,26.3,100000,Lahore,1000,Manual,Petrol,https://www.pakwheels.com/used-cars/suzuki-wagon-r-2019-for-sale-in-toba-tek-singh-12044614,https://cache2.pakwheels.com/ad_pictures/1521/tn_suzuki-wagon-r-vxr-2019-152142629.webp,,genuine,genuine,genuine,genuine,genuine,genuine,genuine,genuine,genuine,genuine,genuine,1,0,0,0,0,0,1
PakWheels,Suzuki Swift  2017 DLX Automatic 1.3 Navigation for Sale,Suzuki,Swift,DLX,2017,7,2850000,28.5,76774,Islamabad,1300,Automatic,Petrol,https://www.pakwheels.com/used-cars/suzuki-swift-2017-for-sale-in-islamabad-11907499,https://cache3.pakwheels.com/ad_pictures/1500/tn_suzuki-swift-dlx-automatic-1-3-navigation-2017-150039744.webp,,genuine,genuine,genuine,genuine,genuine,genuine,genuine,genuine,genuine,genuine,genuine,1,0,0,0,0,0,1
PakWheels,Toyota Corolla  2019 GLi Automatic 1.3 VVTi for Sale,Toyota,Corolla,Standard,2019,5,4550000,45.5,84065,Karachi,1300,Automatic,Petrol,https://www.pakwheels.com/used-cars/toyota-corolla-2019-for-sale-in-karachi-12044613,https://cache4.pakwheels.com/ad_pictures/1521/tn_toyota-corolla-gli-vvti-automatic-2019-152141625.webp,,genuine,genuine,genuine,genuine,genuine,genuine,genuine,genuine,genuine,genuine,genuine,1,0,0,0,0,0,1
PakWheels,Honda City  2007 VTEC Steermatic for Sale,Honda,City,Standard,2007,17,1950000,19.5,75000,Islamabad,1500,Automatic,Petrol,https://www.pakwheels.com/used-cars/honda-city-2007-for-sale-in-islamabad-12044610,https://cache3.pakwheels.com/ad_pictures/1521/tn_honda-city-vtec-steermatic-2007-152142390.webp,,genuine,genuine,genuine,genuine,genuine,genuine,genuine,genuine,genuine,genuine,genuine,1,0,0,0,0,0,1
PakWheels,Prince Pearl  2022 MT for Sale,Toyota,Corolla,Standard,2022,2,1230000,12.3,20000,Lahore,800,Manual,Petrol,https://www.pakwheels.com/used-cars/prince-pearl-2022-for-sale-in-lahore-12043571,https://cache3.pakwheels.com/ad_pictures/1521/tn_prince-pearl-mt-2022-152127350.webp,,genuine,genuine,genuine,genuine,genuine,genuine,genuine,genuine,genuine,genuine,genuine,1,0,0,0,0,0,1
PakWheels,Tank 500  2026 PHEV for Sale,Toyota,Corolla,Standard,2026,0,13400000,134.0,4000,Islamabad,2000,Automatic,Petrol,https://www.pakwheels.com/used-cars/tank-500-2026-for-sale-in-islamabad-12043482,https://cache4.pakwheels.com/ad_pictures/1521/tn_tank-500-phev-5-2026-152125468.webp,,genuine,genuine,genuine,genuine,genuine,genuine,genuine,genuine,genuine,genuine,genuine,1,0,0,0,0,0,1
PakWheels,KIA Sportage  2020 FWD for Sale,KIA,Sportage,FWD,2020,4,6550000,65.5,82350,Sialkot,2000,Automatic,Petrol,https://www.pakwheels.com/used-cars/kia-sportage-2020-for-sale-in-sialkot-12044598,https://cache4.pakwheels.com/ad_pictures/1521/tn_kia-sportage-fwd-2020-152142309.webp,,genuine,genuine,genuine,genuine,genuine,genuine,genuine,genuine,genuine,genuine,genuine,1,0,0,0,0,0,1
PakWheels,Jaecoo J5  2026 Premium for Sale,Toyota,Corolla,Standard,2026,0,8000000,80.0,1,Karachi,1500,Automatic,Hybrid,https://www.pakwheels.com/used-cars/jaecoo-j5-2026-for-sale-in-karachi-12044505,https://cache2.pakwheels.com/ad_pictures/1521/tn_jaecoo-j5-premium-20-2026-152140871.webp,,genuine,genuine,genuine,genuine,genuine,genuine,genuine,genuine,genuine,genuine,genuine,1,0,0,0,0,0,1
PakWheels,Toyota Hilux  2021 Revo V Automatic 2.8 for Sale,Toyota,Hilux,Standard,2021,3,12100000,121.0,48000,Karachi,2800,Automatic,Diesel,https://www.pakwheels.com/used-cars/toyota-hilux-2021-for-sale-in-karachi-12044488,https://cache1.pakwheels.com/ad_pictures/1521/tn_toyota-hilux-revo-v-automatic-2-8-2021-152140722.webp,,genuine,genuine,genuine,genuine,genuine,genuine,genuine,genuine,genuine,genuine,genuine,1,0,0,0,0,0,1
PakWheels,Toyota Passo  2012 X L Package for Sale,Toyota,Passo,Standard,2012,12,2100000,21.0,140250,Karachi,1000,Automatic,Petrol,https://www.pakwheels.com/used-cars/toyota-passo-2012-for-sale-in-karachi-12043781,https://cache2.pakwheels.com/ad_pictures/1521/tn_toyota-passo-x-l-package-2012-152128922.webp,,genuine,genuine,genuine,genuine,genuine,genuine,genuine,genuine,genuine,genuine,genuine,1,0,0,0,0,0,1
PakWheels,Toyota Hilux  2021 Revo V Automatic 2.8 for Sale,Toyota,Hilux,Standard,2021,3,11800000,118.0,41123,Karachi,2800,Automatic,Diesel,https://www.pakwheels.com/used-cars/toyota-hilux-2021-for-sale-in-karachi-11960965,https://cache4.pakwheels.com/ad_pictures/1508/tn_toyota-hilux-revo-v-automatic-2-8-2021-150852972.webp,,genuine,genuine,genuine,genuine,genuine,genuine,genuine,genuine,genuine,genuine,genuine,1,0,0,0,0,0,1
PakWheels,Honda City 6th (GM4) Generation 2022 1.2L CVT for Sale,Honda,City,Standard,2022,2,4060000,40.6,94118,Karachi,1200,Automatic,Petrol,https://www.pakwheels.com/used-cars/honda-city-2022-for-sale-in-karachi-11805041,https://cache2.pakwheels.com/ad_pictures/1484/tn_honda-city-1-2l-cvt-2022-148472265.webp,,genuine,genuine,genuine,genuine,genuine,genuine,genuine,genuine,genuine,genuine,genuine,1,0,0,0,0,0,1
PakWheels,Honda Civic Rebirth (FB) 2016 Oriel Prosmatec UG for Sale,Honda,Civic,Rebirth,2016,8,4350000,43.5,140000,Islamabad,1800,Automatic,Petrol,https://www.pakwheels.com/used-cars/honda-civic-2016-for-sale-in-islamabad-12044526,https://cache3.pakwheels.com/ad_pictures/1521/tn_honda-civic-oriel-prosmatec-ug-2016-152141408.webp,,genuine,genuine,genuine,genuine,genuine,genuine,genuine,genuine,genuine,genuine,genuine,1,0,0,0,0,0,1
PakWheels,Nissan Roox  2020 S Hybrid for Sale,Nissan,Corolla,Standard,2020,4,3100000,31.0,75201,Multan,660,Automatic,Hybrid,https://www.pakwheels.com/used-cars/nissan-roox-2020-for-sale-in-multan-11998372,https://cache2.pakwheels.com/ad_pictures/1514/tn_nissan-roox-s-hybrid-2-2020-151431771.webp,,genuine,genuine,genuine,genuine,genuine,genuine,genuine,genuine,genuine,genuine,genuine,1,0,0,0,0,0,1
PakWheels,Honda N Box  2022 Slash X Turbo Package for Sale,Honda,Corolla,Standard,2022,2,3500000,35.0,58000,Islamabad,660,Automatic,Petrol,https://www.pakwheels.com/used-cars/honda-n-box-2022-for-sale-in-islamabad-12044513,https://cache2.pakwheels.com/ad_pictures/1521/tn_honda-n-box-x-turbo-package-2022-152141222.webp,,genuine,genuine,genuine,genuine,genuine,genuine,genuine,genuine,genuine,genuine,genuine,1,0,0,0,0,0,1
PakWheels,Haval H6  2025 HEV for Sale,Haval,H6,Standard,2025,0,11399999,114.0,32121,Islamabad,1500,Automatic,Hybrid,https://www.pakwheels.com/used-cars/haval-h6-2025-for-sale-in-islamabad-12020472,https://cache1.pakwheels.com/ad_pictures/1517/tn_haval-h6-hev-2025-151775205.webp,,genuine,genuine,genuine,genuine,genuine,genuine,genuine,genuine,genuine,genuine,genuine,1,0,0,0,0,0,1
PakWheels,Hyundai Sonata  2021 2.5 for Sale,Hyundai,Sonata,Standard,2021,3,7350000,73.5,71900,Lahore,2500,Automatic,Petrol,https://www.pakwheels.com/used-cars/hyundai-sonata-2021-for-sale-in-lahore-12043706,https://cache2.pakwheels.com/ad_pictures/1521/tn_hyundai-sonata-2-5-2-2021-152128059.webp,,genuine,genuine,genuine,genuine,genuine,genuine,genuine,genuine,genuine,genuine,genuine,1,0,0,0,0,0,1
PakWheels,Suzuki Fronx  2026 GLX A/T Mono Tone for Sale,Suzuki,Corolla,Standard,2026,0,6426000,64.26,50,Lahore,1500,Automatic,Hybrid,https://www.pakwheels.com/used-cars/suzuki-fronx-2026-for-sale-in-lahore-12041530,https://cache4.pakwheels.com/ad_pictures/1520/tn_suzuki-fronx-glx-a-t-mono-tone-2026-152096149.webp,,genuine,genuine,genuine,genuine,genuine,genuine,genuine,genuine,genuine,genuine,genuine,1,0,0,0,0,0,1
PakWheels,Honda HR-V  2026 VTi-S for Sale,Honda,HR-V,Standard,2026,0,9250000,92.5,24,Islamabad,1500,Automatic,Hybrid,https://www.pakwheels.com/used-cars/honda-hr-v-2026-for-sale-in-islamabad-12044503,https://cache3.pakwheels.com/ad_pictures/1521/tn_honda-hr-v-vti-s-2026-152140935.webp,,genuine,genuine,genuine,genuine,genuine,genuine,genuine,genuine,genuine,genuine,genuine,1,0,0,0,0,0,1
PakWheels,Honda Civic Reborn (FD) 2007 VTi Oriel Prosmatec 1.8 i-VTEC for Sale,Honda,Civic,VTi Oriel,2007,17,2150000,21.5,101010,Lahore,1800,Automatic,Petrol,https://www.pakwheels.com/used-cars/honda-civic-2007-for-sale-in-lahore-12044604,https://cache1.pakwheels.com/ad_pictures/1521/tn_honda-civic-vti-1-8-i-vtec-oriel-prosmatec-2007-152142515.webp,,genuine,genuine,genuine,genuine,genuine,genuine,genuine,genuine,genuine,genuine,genuine,1,0,0,0,0,0,1
PakWheels,Nissan Sunny  1992  for Sale,Nissan,Sunny,Standard,1992,32,850000,8.5,5000,Islamabad,1500,Manual,Petrol,https://www.pakwheels.com/used-cars/nissan-sunny-1992-for-sale-in-islamabad-11901747,https://cache4.pakwheels.com/ad_pictures/1499/tn_nissan-sunny-1992-149948584.webp,,genuine,genuine,genuine,genuine,genuine,genuine,genuine,genuine,genuine,genuine,genuine,1,0,0,0,0,0,1
PakWheels,Suzuki Swift  2022 GL CVT for Sale,Suzuki,Swift,Standard,2022,2,4050000,40.5,59000,Lahore,1200,Automatic,Petrol,https://www.pakwheels.com/used-cars/suzuki-swift-2022-for-sale-in-mandi-bahauddin-12044602,https://cache1.pakwheels.com/ad_pictures/1521/tn_suzuki-swift-gl-cvt-2022-152141991.webp,,genuine,genuine,genuine,genuine,genuine,genuine,genuine,genuine,genuine,genuine,genuine,1,0,0,0,0,0,1
PakWheels,Proton X70  2022 Premium FWD for Sale,Proton,X70,FWD,2022,2,5200000,52.0,42000,Karachi,1500,Automatic,Petrol,https://www.pakwheels.com/used-cars/proton-x70-2022-for-sale-in-karachi-12044601,https://cache2.pakwheels.com/ad_pictures/1521/tn_proton-x70-premium-fwd-2022-152142456.webp,,genuine,genuine,genuine,genuine,genuine,genuine,genuine,genuine,genuine,genuine,genuine,1,0,0,0,0,0,1
PakWheels,Subaru Pleo  2008 A for Sale,Toyota,Corolla,Standard,2008,16,1200000,12.0,150000,Karachi,660,Automatic,Petrol,https://www.pakwheels.com/used-cars/subaru-pleo-2008-for-sale-in-karachi-12044600,https://cache3.pakwheels.com/ad_pictures/1521/tn_subaru-pleo-a-2-2008-152142328.webp,,genuine,genuine,genuine,genuine,genuine,genuine,genuine,genuine,genuine,genuine,genuine,1,0,0,0,0,0,1
PakWheels,Suzuki Baleno  1999 GLi P for Sale,Suzuki,Corolla,Standard,1999,25,1350000,13.5,250000,Islamabad,1300,Manual,Petrol,https://www.pakwheels.com/used-cars/suzuki-baleno-1999-for-sale-in-islamabad-12044599,https://cache2.pakwheels.com/ad_pictures/1521/tn_suzuki-baleno-gli-p-1999-152142473.webp,,genuine,genuine,genuine,genuine,genuine,genuine,genuine,genuine,genuine,genuine,genuine,1,0,0,0,0,0,1
PakWheels,Daihatsu Mira  2014 L for Sale,Daihatsu,Mira,Standard,2014,10,2350000,23.5,74576,Karachi,660,Automatic,Petrol,https://www.pakwheels.com/used-cars/daihatsu-mira-2014-for-sale-in-karachi-11858453,https://cache3.pakwheels.com/ad_pictures/1492/tn_daihatsu-mira-x-8-2014-149286683.webp,,genuine,genuine,genuine,genuine,genuine,genuine,genuine,genuine,genuine,genuine,genuine,1,0,0,0,0,0,1
PakWheels,Toyota Premio  2010 F 1.5 for Sale,Toyota,Corolla,Standard,2010,14,3700000,37.0,97536,Karachi,1500,Automatic,Petrol,https://www.pakwheels.com/used-cars/toyota-premio-2010-for-sale-in-karachi-11818975,https://cache4.pakwheels.com/ad_pictures/1486/tn_toyota-premio-1-5l-f-2010-148685572.webp,,genuine,genuine,genuine,genuine,genuine,genuine,genuine,genuine,genuine,genuine,genuine,1,0,0,0,0,0,1
PakWheels,Hyundai Santro  2004 Exec for Sale,Hyundai,Corolla,Standard,2004,20,1100000,11.0,144000,Lahore,1000,Manual,Petrol,https://www.pakwheels.com/used-cars/hyundai-santro-2004-for-sale-in-lahore-12044595,https://cache1.pakwheels.com/ad_pictures/1521/tn_hyundai-santro-exec-2-2004-152142356.webp,,genuine,genuine,genuine,genuine,genuine,genuine,genuine,genuine,genuine,genuine,genuine,1,0,0,0,0,0,1
PakWheels,Haval H6  2025 1.5T for Sale,Haval,H6,Standard,2025,0,9500000,95.0,17100,Lahore,1500,Automatic,Petrol,https://www.pakwheels.com/used-cars/haval-h6-2025-for-sale-in-lahore-12044301,https://cache2.pakwheels.com/ad_pictures/1521/tn_haval-h6-1-5t-2025-152137907.webp,,genuine,genuine,genuine,genuine,genuine,genuine,genuine,genuine,genuine,genuine,genuine,1,0,0,0,0,0,1
PakWheels,Honda Civic  2002 VTi 1.6 for Sale,Honda,Civic,Standard,2002,22,1285000,12.85,175000,Lahore,1600,Manual,Petrol,https://www.pakwheels.com/used-cars/honda-civic-2002-for-sale-in-lahore-12044592,https://cache1.pakwheels.com/ad_pictures/1521/tn_honda-civic-vti-1-6-2002-152141696.webp,,genuine,genuine,genuine,genuine,genuine,genuine,genuine,genuine,genuine,genuine,genuine,1,0,0,0,0,0,1
PakWheels,Toyota Vitz  2018  for Sale,Toyota,Vitz,Standard,2018,6,3700000,37.0,116200,Lahore,1000,Automatic,Petrol,https://www.pakwheels.com/used-cars/toyota-vitz-2018-for-sale-in-lahore-12044591,https://cache2.pakwheels.com/ad_pictures/1521/tn_toyota-vitz-2018-152142279.webp,,genuine,genuine,genuine,genuine,genuine,genuine,genuine,genuine,genuine,genuine,genuine,1,0,0,0,0,0,1
PakWheels,Toyota Corolla  2011 GLi Automatic 1.6 VVTi for Sale,Toyota,Corolla,Standard,2011,13,3000000,30.0,145628,Lahore,1600,Automatic,Petrol,https://www.pakwheels.com/used-cars/toyota-corolla-2011-for-sale-in-jehangira-11497864,https://cache1.pakwheels.com/ad_pictures/1438/tn_toyota-corolla-1-6-gli-automatic-2011-143811626.webp,,genuine,genuine,genuine,genuine,genuine,genuine,genuine,genuine,genuine,genuine,genuine,1,0,0,0,0,0,1
PakWheels,DFSK Glory 580  2021 Pro for Sale,DFSK,Glory,Standard,2021,3,4000000,40.0,73135,Multan,1500,Automatic,Petrol,https://www.pakwheels.com/used-cars/dfsk-glory-580-2021-for-sale-in-multan-12029680,https://cache3.pakwheels.com/ad_pictures/1519/tn_dfsk-glory-580-pro-2021-151916988.webp,,genuine,genuine,genuine,genuine,genuine,genuine,genuine,genuine,genuine,genuine,genuine,1,0,0,0,0,0,1
PakWheels,Honda BR-V  2022 i-VTEC S for Sale,Honda,BR-V,i-VTEC,2022,2,6650000,66.5,76000,Lahore,1500,Automatic,Petrol,https://www.pakwheels.com/used-cars/honda-br-v-2022-for-sale-in-dina-12044585,https://cache1.pakwheels.com/ad_pictures/1521/tn_honda-br-v-i-vtec-s-2022-152142004.webp,,genuine,genuine,genuine,genuine,genuine,genuine,genuine,genuine,genuine,genuine,genuine,1,0,0,0,0,0,1
PakWheels,Mitsubishi Lancer  2006  for Sale,Toyota,Corolla,Standard,2006,18,1700000,17.0,170000,Islamabad,1600,Manual,Petrol,https://www.pakwheels.com/used-cars/mitsubishi-lancer-2006-for-sale-in-islamabad-11918502,https://cache4.pakwheels.com/ad_pictures/1502/tn_mitsubishi-lancer-2006-150208475.webp,,genuine,genuine,genuine,genuine,genuine,genuine,genuine,genuine,genuine,genuine,genuine,1,0,0,0,0,0,1
PakWheels,Honda City 5th (GM2) Generation 2010 1.3 i-VTEC Prosmatec for Sale,Honda,City,i-VTEC,2010,14,2350000,23.5,62147,Islamabad,1300,Automatic,Petrol,https://www.pakwheels.com/used-cars/honda-city-2010-for-sale-in-islamabad-12036189,https://cache2.pakwheels.com/ad_pictures/1520/tn_honda-city-i-vtec-prosmatec-2010-152017131.webp,,genuine,genuine,genuine,genuine,genuine,genuine,genuine,genuine,genuine,genuine,genuine,1,0,0,0,0,0,1
PakWheels,Toyota Prius  2017 PHV (Plug In Hybrid) for Sale,Toyota,Prius,Standard,2017,7,7550000,75.5,67743,Rawalpindi,1800,Automatic,Petrol,https://www.pakwheels.com/used-cars/toyota-prius-2017-for-sale-in-rawalpindi-11974952,https://cache4.pakwheels.com/ad_pictures/1510/tn_toyota-prius-phv-plug-in-hybrid-2017-151074010.webp,,genuine,genuine,genuine,genuine,genuine,genuine,genuine,genuine,genuine,genuine,genuine,1,0,0,0,0,0,1
PakWheels,Suzuki Mehran  2003 VXR (CNG) for Sale,Suzuki,Mehran,VXR,2003,21,550000,5.5,315217,Lahore,800,Manual,Petrol,https://www.pakwheels.com/used-cars/suzuki-mehran-2003-for-sale-in-larkana-12044580,https://cache3.pakwheels.com/ad_pictures/1521/tn_suzuki-mehran-vxr-cng-4-2003-152141627.webp,,genuine,genuine,genuine,genuine,genuine,genuine,genuine,genuine,genuine,genuine,genuine,1,0,0,0,0,0,1
PakWheels,Toyota Corolla  2016 XLi VVTi for Sale,Toyota,Corolla,XLi,2016,8,3250000,32.5,50000,Karachi,1300,Manual,Petrol,https://www.pakwheels.com/used-cars/toyota-corolla-2016-for-sale-in-karachi-12044577,https://cache2.pakwheels.com/ad_pictures/1521/tn_toyota-corolla-xli-vvti-2016-152141452.webp,,genuine,genuine,genuine,genuine,genuine,genuine,genuine,genuine,genuine,genuine,genuine,1,0,0,0,0,0,1
PakWheels,Honda Civic  2021 Oriel 1.8 i-VTEC CVT for Sale,Honda,Civic,Oriel 1.8,2021,3,6200000,62.0,54500,Lahore,1800,Automatic,Petrol,https://www.pakwheels.com/used-cars/honda-civic-2021-for-sale-in-lahore-12025385,https://cache1.pakwheels.com/ad_pictures/1518/tn_honda-civic-oriel-1-8-i-vtec-cvt-2021-151851403.webp,,genuine,genuine,genuine,genuine,genuine,genuine,genuine,genuine,genuine,genuine,genuine,1,0,0,0,0,0,1
PakWheels,Toyota Yaris  2025 GLI CVT 1.3 for Sale,Toyota,Yaris,Standard,2025,0,4950000,49.5,26000,Lahore,1300,Automatic,Petrol,https://www.pakwheels.com/used-cars/toyota-yaris-2025-for-sale-in-jaranwala-12044573,https://cache4.pakwheels.com/ad_pictures/1521/tn_toyota-yaris-gli-cvt-1-3-2025-152141922.webp,,genuine,genuine,genuine,genuine,genuine,genuine,genuine,genuine,genuine,genuine,genuine,1,0,0,0,0,0,1
PakWheels,Honda City 5th (GM2) Generation 2018 1.3 i-VTEC Prosmatec for Sale,Honda,City,i-VTEC,2018,6,3595000,35.95,127000,Lahore,1300,Automatic,Petrol,https://www.pakwheels.com/used-cars/honda-city-2018-for-sale-in-lahore-12030509,https://cache3.pakwheels.com/ad_pictures/1519/tn_honda-city-i-vtec-prosmatec-2018-151928979.webp,,genuine,genuine,genuine,genuine,genuine,genuine,genuine,genuine,genuine,genuine,genuine,1,0,0,0,0,0,1
PakWheels,Toyota Corolla  2012 GLi 1.3 VVTi for Sale,Toyota,Corolla,GLi 1.3,2012,12,2300000,23.0,120000,Karachi,1300,Manual,Petrol,https://www.pakwheels.com/used-cars/toyota-corolla-2012-for-sale-in-karachi-12044575,https://cache4.pakwheels.com/ad_pictures/1521/tn_toyota-corolla-gli-vvti-2012-152142092.webp,,genuine,genuine,genuine,genuine,genuine,genuine,genuine,genuine,genuine,genuine,genuine,1,0,0,0,0,0,1
PakWheels,Suzuki Mehran  2009 VXR for Sale,Suzuki,Mehran,VXR,2009,15,690000,6.9,75000,Islamabad,800,Manual,Petrol,https://www.pakwheels.com/used-cars/suzuki-mehran-2009-for-sale-in-islamabad-12044572,https://cache2.pakwheels.com/ad_pictures/1521/tn_suzuki-mehran-vxr-2-2009-152141232.webp,,genuine,genuine,genuine,genuine,genuine,genuine,genuine,genuine,genuine,genuine,genuine,1,0,0,0,0,0,1
PakWheels,Honda City 5th (GM2) Generation 2016 Aspire 1.5 i-VTEC for Sale,Honda,City,Aspire 1.5,2016,8,3232000,32.32,201184,Islamabad,1500,Manual,Petrol,https://www.pakwheels.com/used-cars/honda-city-2016-for-sale-in-islamabad-11951802,https://cache4.pakwheels.com/ad_pictures/1507/tn_honda-city-aspire-2-2016-150712904.webp,,genuine,genuine,genuine,genuine,genuine,genuine,genuine,genuine,genuine,genuine,genuine,1,0,0,0,0,0,1
PakWheels,Toyota Prado  2020 TX L Package 2.7 for Sale,Toyota,Prado,Standard,2020,4,25500000,255.0,66000,Lahore,2700,Automatic,Petrol,https://www.pakwheels.com/used-cars/toyota-prado-2020-for-sale-in-lahore-10366307,https://cache2.pakwheels.com/ad_pictures/1446/tn_toyota-prado-tx-l-package-2-7-2020-144612267.webp,,genuine,genuine,genuine,genuine,genuine,genuine,genuine,genuine,genuine,genuine,genuine,1,0,0,0,0,0,1
PakWheels,Toyota Premio  2007 X L Package 1.8 for Sale,Toyota,Corolla,Standard,2007,17,4200000,42.0,130287,Lahore,1800,Automatic,Petrol,https://www.pakwheels.com/used-cars/toyota-premio-2007-for-sale-in-lahore-11947524,https://cache1.pakwheels.com/ad_pictures/1507/tn_toyota-premio-x-l-package-1-8-2007-150713053.webp,,genuine,genuine,genuine,genuine,genuine,genuine,genuine,genuine,genuine,genuine,genuine,1,0,0,0,0,0,1
PakWheels,Toyota Fortuner  2022 2.7 V for Sale,Toyota,Fortuner,Standard,2022,2,12700000,127.0,47101,Karachi,2700,Automatic,Petrol,https://www.pakwheels.com/used-cars/toyota-fortuner-2022-for-sale-in-karachi-12020458,https://cache3.pakwheels.com/ad_pictures/1517/tn_toyota-fortuner-2-7-v-2022-151775037.webp,,genuine,genuine,genuine,genuine,genuine,genuine,genuine,genuine,genuine,genuine,genuine,1,0,0,0,0,0,1
PakWheels,Toyota Hilux  2022 Revo Rocco for Sale,Toyota,Hilux,Revo Rocco,2022,2,14500000,145.0,26000,Karachi,2800,Automatic,Diesel,https://www.pakwheels.com/used-cars/toyota-hilux-2022-for-sale-in-karachi-12044495,https://cache3.pakwheels.com/ad_pictures/1521/tn_toyota-hilux-revo-rocco-2022-152141183.webp,,genuine,genuine,genuine,genuine,genuine,genuine,genuine,genuine,genuine,genuine,genuine,1,0,0,0,0,0,1
PakWheels,Suzuki Cultus  2021 VXL for Sale,Suzuki,Cultus,VXL,2021,3,3350000,33.5,55000,Lahore,1000,Manual,Petrol,https://www.pakwheels.com/used-cars/suzuki-cultus-2021-for-sale-in-lahore-12044486,https://cache1.pakwheels.com/ad_pictures/1521/tn_suzuki-cultus-vxl-2-2021-152140559.webp,,genuine,genuine,genuine,genuine,genuine,genuine,genuine,genuine,genuine,genuine,genuine,1,0,0,0,0,0,1
PakWheels,Toyota Land Cruiser  2023 ZX Gasoline 3.5L for Sale,Toyota,Land Cruiser,Standard,2023,1,65500000,655.0,6500,Karachi,3500,Automatic,Petrol,https://www.pakwheels.com/used-cars/toyota-land-cruiser-2023-for-sale-in-karachi-11839330,https://cache2.pakwheels.com/ad_pictures/1489/tn_toyota-land-cruiser-zx-gasoline-3-5l-2023-148997774.webp,,genuine,genuine,genuine,genuine,genuine,genuine,genuine,genuine,genuine,genuine,genuine,1,0,0,0,0,0,1
PakWheels,Toyota Mark X  2005 250G for Sale,Toyota,Corolla,Standard,2005,19,4800000,48.0,137977,Karachi,2500,Automatic,Petrol,https://www.pakwheels.com/used-cars/toyota-mark-x-2005-for-sale-in-karachi-11998276,https://cache3.pakwheels.com/ad_pictures/1514/tn_toyota-mark-x-250-g-l-package-2005-151429954.webp,,genuine,genuine,genuine,genuine,genuine,genuine,genuine,genuine,genuine,genuine,genuine,1,0,0,0,0,0,1
PakWheels,DFSK Glory 580  2022 Pro for Sale,DFSK,Glory,Standard,2022,2,5000000,50.0,57094,Faisalabad,1500,Automatic,Petrol,https://www.pakwheels.com/used-cars/dfsk-glory-580-2022-for-sale-in-faisalabad-12020448,https://cache1.pakwheels.com/ad_pictures/1517/tn_dfsk-glory-580-pro-2022-151774797.webp,,genuine,genuine,genuine,genuine,genuine,genuine,genuine,genuine,genuine,genuine,genuine,1,0,0,0,0,0,1
PakWheels,KIA Sportage  2021 FWD for Sale,KIA,Sportage,FWD,2021,3,6350000,63.5,71561,Faisalabad,2000,Automatic,Petrol,https://www.pakwheels.com/used-cars/kia-sportage-2021-for-sale-in-faisalabad-11904589,https://cache2.pakwheels.com/ad_pictures/1499/tn_kia-sportage-fwd-2021-149995989.webp,,genuine,genuine,genuine,genuine,genuine,genuine,genuine,genuine,genuine,genuine,genuine,1,0,0,0,0,0,1
PakWheels,Suzuki Every  2012 GA for Sale,Suzuki,Every,Standard,2012,12,1700000,17.0,84699,Karachi,660,Manual,Petrol,https://www.pakwheels.com/used-cars/suzuki-every-2012-for-sale-in-karachi-12020638,https://cache3.pakwheels.com/ad_pictures/1517/tn_suzuki-every-ga-2012-151778047.webp,,genuine,genuine,genuine,genuine,genuine,genuine,genuine,genuine,genuine,genuine,genuine,1,0,0,0,0,0,1
PakWheels,KIA Sportage  2024 FWD for Sale,KIA,Sportage,FWD,2024,0,8200000,82.0,12990,Islamabad,2000,Automatic,Petrol,https://www.pakwheels.com/used-cars/kia-sportage-2024-for-sale-in-islamabad-11998280,https://cache2.pakwheels.com/ad_pictures/1514/tn_kia-sportage-fwd-2024-151430017.webp,,genuine,genuine,genuine,genuine,genuine,genuine,genuine,genuine,genuine,genuine,genuine,1,0,0,0,0,0,1
PakWheels,Honda City 5th (GM2) Generation 2014 1.3 i-VTEC for Sale,Honda,City,i-VTEC,2014,10,2925000,29.25,93500,Lahore,1300,Manual,Petrol,https://www.pakwheels.com/used-cars/honda-city-2014-for-sale-in-lahore-11549905,https://cache1.pakwheels.com/ad_pictures/1445/tn_honda-city-i-vtec-2-2014-144597765.webp,,genuine,genuine,genuine,genuine,genuine,genuine,genuine,genuine,genuine,genuine,genuine,1,0,0,0,0,0,1
PakWheels,Toyota Succeed  2007 TX for Sale,Toyota,Corolla,Standard,2007,17,2556000,25.56,170000,Karachi,1500,Automatic,Petrol,https://www.pakwheels.com/used-cars/toyota-succeed-2007-for-sale-in-karachi-12044570,https://cache2.pakwheels.com/ad_pictures/1521/tn_toyota-succeed-1-5l-ul-2007-152141917.webp,,genuine,genuine,genuine,genuine,genuine,genuine,genuine,genuine,genuine,genuine,genuine,1,0,0,0,0,0,1
PakWheels,Honda City 5th (GM2) Generation 2018 Aspire Prosmatec 1.5 i-VTEC for Sale,Honda,City,i-VTEC,2018,6,4150000,41.5,80000,Islamabad,1500,Automatic,Petrol,https://www.pakwheels.com/used-cars/honda-city-2018-for-sale-in-islamabad-12043787,https://cache1.pakwheels.com/ad_pictures/1521/tn_honda-city-aspire-prosmatec-2018-152130180.webp,,genuine,genuine,genuine,genuine,genuine,genuine,genuine,genuine,genuine,genuine,genuine,1,0,0,0,0,0,1
PakWheels,Suzuki Swift  2019 DLX Automatic 1.3 Navigation for Sale,Suzuki,Swift,DLX,2019,5,3025000,30.25,68000,Rawalpindi,1300,Automatic,Petrol,https://www.pakwheels.com/used-cars/suzuki-swift-2019-for-sale-in-rawalpindi-12044553,https://cache2.pakwheels.com/ad_pictures/1521/tn_suzuki-swift-dlx-automatic-1-3-navigation-2019-152141358.webp,,genuine,genuine,genuine,genuine,genuine,genuine,genuine,genuine,genuine,genuine,genuine,1,0,0,0,0,0,1
PakWheels,Suzuki Mehran  2007 VXR for Sale,Suzuki,Mehran,VXR,2007,17,850000,8.5,575320,Islamabad,800,Manual,Petrol,https://www.pakwheels.com/used-cars/suzuki-mehran-2007-for-sale-in-islamabad-12019534,https://cache1.pakwheels.com/ad_pictures/1517/tn_suzuki-mehran-vxr-2-2007-151758570.webp,,genuine,genuine,genuine,genuine,genuine,genuine,genuine,genuine,genuine,genuine,genuine,1,0,0,0,0,0,1
PakWheels,Suzuki Wagon R  2022 VXL for Sale,Suzuki,Wagon R,VXL,2022,2,2850000,28.5,40000,Karachi,1000,Manual,Petrol,https://www.pakwheels.com/used-cars/suzuki-wagon-r-2022-for-sale-in-karachi-11992582,https://cache2.pakwheels.com/ad_pictures/1513/tn_suzuki-wagon-r-vxl-2022-151342309.webp,,genuine,genuine,genuine,genuine,genuine,genuine,genuine,genuine,genuine,genuine,genuine,1,0,0,0,0,0,1
PakWheels,Toyota Yaris  2025 GLI CVT 1.3 for Sale,Toyota,Yaris,Standard,2025,0,4950000,49.5,7500,Lahore,1300,Automatic,Petrol,https://www.pakwheels.com/used-cars/toyota-yaris-2025-for-sale-in-lahore-12044565,https://cache3.pakwheels.com/ad_pictures/1521/tn_toyota-yaris-gli-cvt-1-3-2025-152141972.webp,,genuine,genuine,genuine,genuine,genuine,genuine,genuine,genuine,genuine,genuine,genuine,1,0,0,0,0,0,1
PakWheels,Toyota Passo  2013 X for Sale,Toyota,Passo,Standard,2013,11,2650000,26.5,99000,Islamabad,1000,Automatic,Petrol,https://www.pakwheels.com/used-cars/toyota-passo-2013-for-sale-in-islamabad-12043827,https://cache4.pakwheels.com/ad_pictures/1521/tn_toyota-passo-1-0-x-2013-152130728.webp,,genuine,genuine,genuine,genuine,genuine,genuine,genuine,genuine,genuine,genuine,genuine,1,0,0,0,0,0,1
PakWheels,Toyota Corolla 9th (E120) Generation 2006 XLi for Sale,Toyota,Corolla,XLi,2006,18,1950000,19.5,70000,Lahore,1300,Manual,Petrol,https://www.pakwheels.com/used-cars/toyota-corolla-2006-for-sale-in-lahore-12044563,https://cache2.pakwheels.com/ad_pictures/1521/tn_toyota-corolla-xli-2-2006-152141597.webp,,genuine,genuine,genuine,genuine,genuine,genuine,genuine,genuine,genuine,genuine,genuine,1,0,0,0,0,0,1
PakWheels,Toyota Pixis Joy  2021  for Sale,Toyota,Corolla,Standard,2021,3,3450000,34.5,53293,Lahore,660,Automatic,Petrol,https://www.pakwheels.com/used-cars/toyota-pixis-joy-2021-for-sale-in-lahore-11951876,https://cache2.pakwheels.com/ad_pictures/1507/tn_toyota-raize-z-5-2021-150714282.webp,,genuine,genuine,genuine,genuine,genuine,genuine,genuine,genuine,genuine,genuine,genuine,1,0,0,0,0,0,1
PakWheels,Suzuki Wagon R  2015 VXL for Sale,Suzuki,Wagon R,VXL,2015,9,2050000,20.5,97000,Lahore,1000,Manual,Petrol,https://www.pakwheels.com/used-cars/suzuki-wagon-r-2015-for-sale-in-noorpur-nooranga-12044561,https://cache2.pakwheels.com/ad_pictures/1521/tn_suzuki-wagon-r-vxl-2015-152141227.webp,,genuine,genuine,genuine,genuine,genuine,genuine,genuine,genuine,genuine,genuine,genuine,1,0,0,0,0,0,1
PakWheels,KIA Picanto  2024 1.0 MT for Sale,KIA,Picanto,Standard,2024,0,3650000,36.5,10500,Lahore,1000,Manual,Petrol,https://www.pakwheels.com/used-cars/kia-picanto-2024-for-sale-in-chenab-nagar-12044560,https://cache1.pakwheels.com/ad_pictures/1521/tn_kia-picanto-1-0-mt-2024-152141945.webp,,genuine,genuine,genuine,genuine,genuine,genuine,genuine,genuine,genuine,genuine,genuine,1,0,0,0,0,0,1
PakWheels,Honda Civic Reborn (FD) 2011 VTi Prosmatec 1.8 i-VTEC for Sale,Honda,Civic,Reborn,2011,13,2400000,24.0,97500,Lahore,1800,Automatic,Petrol,https://www.pakwheels.com/used-cars/honda-civic-2011-for-sale-in-jhelum-12044558,https://cache2.pakwheels.com/ad_pictures/1521/tn_honda-civic-vti-1-8-i-vtec-prosmatec-2011-152141757.webp,,genuine,genuine,genuine,genuine,genuine,genuine,genuine,genuine,genuine,genuine,genuine,1,0,0,0,0,0,1
PakWheels,Suzuki Alto  2023 Hybrid S LED for Sale,Suzuki,Alto,Standard,2023,1,3850000,38.5,55599,Multan,660,Automatic,Hybrid,https://www.pakwheels.com/used-cars/suzuki-alto-2023-for-sale-in-multan-11883879,https://img.youtube.com/vi/HqvvhspHH6w/sddefault.jpg,,genuine,genuine,genuine,genuine,genuine,genuine,genuine,genuine,genuine,genuine,genuine,1,0,0,0,0,0,1
PakWheels,Suzuki Cultus  2016 Limited Edition for Sale,Suzuki,Cultus,Standard,2016,8,1650000,16.5,145000,Lahore,1000,Manual,Petrol,https://www.pakwheels.com/used-cars/suzuki-cultus-2016-for-sale-in-daharki-12044559,https://cache4.pakwheels.com/ad_pictures/1521/tn_suzuki-cultus-limited-edition-2-2016-152141818.webp,,genuine,genuine,genuine,genuine,genuine,genuine,genuine,genuine,genuine,genuine,genuine,1,0,0,0,0,0,1
PakWheels,Suzuki Alto Lapin  2021 X for Sale,Suzuki,Alto,Standard,2021,3,3300000,33.0,55000,Multan,660,Automatic,Hybrid,https://www.pakwheels.com/used-cars/suzuki-alto-lapin-2021-for-sale-in-multan-12044557,https://cache3.pakwheels.com/ad_pictures/1521/tn_suzuki-alto-lapin-x-10-2021-152141927.webp,,genuine,genuine,genuine,genuine,genuine,genuine,genuine,genuine,genuine,genuine,genuine,1,0,0,0,0,0,1
PakWheels,Toyota Corolla  2018 GLi Automatic 1.3 VVTi for Sale,Toyota,Corolla,Standard,2018,6,3825000,38.25,106000,Karachi,1300,Automatic,Petrol,https://www.pakwheels.com/used-cars/toyota-corolla-2018-for-sale-in-karachi-12044556,https://cache4.pakwheels.com/ad_pictures/1521/tn_toyota-corolla-gli-vvti-automatic-2018-152141802.webp,,genuine,genuine,genuine,genuine,genuine,genuine,genuine,genuine,genuine,genuine,genuine,1,0,0,0,0,0,1
PakWheels,Toyota Land Cruiser  1992 79 Series 30th Anniversary for Sale,Toyota,Land Cruiser,ES,1992,32,2850000,28.5,150000,Islamabad,3000,Manual,Diesel,https://www.pakwheels.com/used-cars/toyota-land-cruiser-1992-for-sale-in-islamabad-12044555,https://cache2.pakwheels.com/ad_pictures/1521/tn_toyota-land-cruiser-79-series-30th-anniversary-1992-152141600.webp,,genuine,genuine,genuine,genuine,genuine,genuine,genuine,genuine,genuine,genuine,genuine,1,0,0,0,0,0,1
PakWheels,Suzuki Wagon R  2011 Stingray Limited for Sale,Suzuki,Wagon R,Standard,2011,13,2275000,22.75,200000,Islamabad,660,Automatic,Petrol,https://www.pakwheels.com/used-cars/suzuki-wagon-r-2011-for-sale-in-islamabad-12044554,https://cache3.pakwheels.com/ad_pictures/1521/tn_suzuki-wagon-r-stingray-limited-2011-152141822.webp,,genuine,genuine,genuine,genuine,genuine,genuine,genuine,genuine,genuine,genuine,genuine,1,0,0,0,0,0,1
PakWheels,Suzuki Wagon R  2019 VXL for Sale,Suzuki,Wagon R,VXL,2019,5,2500000,25.0,100000,Lahore,1000,Manual,Petrol,https://www.pakwheels.com/used-cars/suzuki-wagon-r-2019-for-sale-in-lahore-11387052,https://cache3.pakwheels.com/ad_pictures/1420/tn_suzuki-wagon-r-vxl-2019-142091034.webp,,genuine,genuine,genuine,genuine,genuine,genuine,genuine,genuine,genuine,genuine,genuine,1,0,0,0,0,0,1
PakWheels,Honda Civic  2018 Oriel 1.8 i-VTEC CVT for Sale,Honda,Civic,Oriel 1.8,2018,6,4850000,48.5,70000,Lahore,1800,Automatic,Petrol,https://www.pakwheels.com/used-cars/honda-civic-2018-for-sale-in-lahore-12044541,https://cache3.pakwheels.com/ad_pictures/1521/tn_honda-civic-oriel-1-8-i-vtec-cvt-2018-152141448.webp,,genuine,genuine,genuine,genuine,genuine,genuine,genuine,genuine,genuine,genuine,genuine,1,0,0,0,0,0,1
PakWheels,Toyota Corolla  1986 DX for Sale,Toyota,Corolla,Standard,1986,38,434999,4.35,100000,Karachi,1300,Manual,Cng,https://www.pakwheels.com/used-cars/toyota-corolla-1986-for-sale-in-karachi-12044447,https://cache2.pakwheels.com/ad_pictures/1521/tn_toyota-corolla-dx-1986-152139997.webp,,genuine,genuine,genuine,genuine,genuine,genuine,genuine,genuine,genuine,genuine,genuine,1,0,0,0,0,0,1
PakWheels,Honda City 5th (GM2) Generation 2019 1.3 i-VTEC for Sale,Honda,City,i-VTEC,2019,5,3720000,37.2,96000,Islamabad,1300,Manual,Petrol,https://www.pakwheels.com/used-cars/honda-city-2019-for-sale-in-islamabad-12044552,https://cache4.pakwheels.com/ad_pictures/1521/tn_honda-city-i-vtec-2-2019-152141661.webp,,genuine,genuine,genuine,genuine,genuine,genuine,genuine,genuine,genuine,genuine,genuine,1,0,0,0,0,0,1
PakWheels,Suzuki Wagon R  2022 VXL for Sale,Suzuki,Wagon R,VXL,2022,2,3050000,30.5,55000,Lahore,1000,Manual,Petrol,https://www.pakwheels.com/used-cars/suzuki-wagon-r-2022-for-sale-in-sahiwal-12044551,https://cache3.pakwheels.com/ad_pictures/1521/tn_suzuki-wagon-r-vxl-2022-152141361.webp,,genuine,genuine,genuine,genuine,genuine,genuine,genuine,genuine,genuine,genuine,genuine,1,0,0,0,0,0,1
PakWheels,Suzuki Alto  2019 VXR for Sale,Suzuki,Alto,VXR,2019,5,2250000,22.5,24500,Karachi,660,Manual,Petrol,https://www.pakwheels.com/used-cars/suzuki-alto-2019-for-sale-in-karachi-12044550,https://cache3.pakwheels.com/ad_pictures/1521/tn_suzuki-alto-vxr-2-2019-152140982.webp,,genuine,genuine,genuine,genuine,genuine,genuine,genuine,genuine,genuine,genuine,genuine,1,0,0,0,0,0,1
PakWheels,Honda Civic 11th (FE) Generation 2024 RS for Sale,Honda,Civic,Standard,2024,0,9500000,95.0,6677,Lahore,1500,Automatic,Petrol,https://www.pakwheels.com/used-cars/honda-civic-2024-for-sale-in-lahore-11998024,https://cache2.pakwheels.com/ad_pictures/1514/tn_honda-civic-civic-rs-2024-151425331.webp,,genuine,genuine,genuine,genuine,genuine,genuine,genuine,genuine,genuine,genuine,genuine,1,0,0,0,0,0,1
PakWheels,Haval H6  2024 1.5T for Sale,Haval,H6,Standard,2024,0,8300000,83.0,20777,Multan,1500,Automatic,Petrol,https://www.pakwheels.com/used-cars/haval-h6-2024-for-sale-in-multan-11860960,https://cache1.pakwheels.com/ad_pictures/1493/tn_haval-h6-1-5t-2024-149323973.webp,,genuine,genuine,genuine,genuine,genuine,genuine,genuine,genuine,genuine,genuine,genuine,1,0,0,0,0,0,1
PakWheels,Toyota Corolla  2016 GLi 1.3 VVTi for Sale,Toyota,Corolla,GLi 1.3,2016,8,1000000,10.0,50000,Peshawar,1300,Manual,Petrol,https://www.pakwheels.com/used-cars/toyota-corolla-2016-for-sale-in-peshawar-12044409,https://cache2.pakwheels.com/ad_pictures/1521/tn_toyota-corolla-gli-vvti-2016-152139639.webp,,genuine,genuine,genuine,genuine,genuine,genuine,genuine,genuine,genuine,genuine,genuine,1,0,0,0,0,0,1
PakWheels,KIA Sportage  2024 FWD for Sale,KIA,Sportage,FWD,2024,0,7700000,77.0,48940,Lahore,2000,Automatic,Petrol,https://www.pakwheels.com/used-cars/kia-sportage-2024-for-sale-in-lahore-12020415,https://cache2.pakwheels.com/ad_pictures/1517/tn_kia-sportage-fwd-2024-151774312.webp,,genuine,genuine,genuine,genuine,genuine,genuine,genuine,genuine,genuine,genuine,genuine,1,0,0,0,0,0,1
PakWheels,Toyota Sienta  2019 Hybrid G for Sale,Toyota,Corolla,Standard,2019,5,5500000,55.0,115383,Gujranwala,1500,Automatic,Hybrid,https://www.pakwheels.com/used-cars/toyota-sienta-2019-for-sale-in-gujranwala-12044444,https://cache2.pakwheels.com/ad_pictures/1521/tn_toyota-sienta-hybrid-g-5-2019-152140066.webp,,genuine,genuine,genuine,genuine,genuine,genuine,genuine,genuine,genuine,genuine,genuine,1,0,0,0,0,0,1
PakWheels,Proton X70  2022 Premium FWD for Sale,Proton,X70,FWD,2022,2,6000000,60.0,49683,Multan,1500,Automatic,Petrol,https://www.pakwheels.com/used-cars/proton-x70-2022-for-sale-in-multan-12020432,https://cache1.pakwheels.com/ad_pictures/1517/tn_proton-x70-premium-fwd-2022-151774558.webp,,genuine,genuine,genuine,genuine,genuine,genuine,genuine,genuine,genuine,genuine,genuine,1,0,0,0,0,0,1
PakWheels,Honda Civic 11th (FE) Generation 2022 Oriel for Sale,Honda,Civic,Standard,2022,2,7500000,75.0,36440,Islamabad,1500,Automatic,Petrol,https://www.pakwheels.com/used-cars/honda-civic-2022-for-sale-in-islamabad-11907072,https://cache2.pakwheels.com/ad_pictures/1500/tn_honda-civic-oriel-2024-150032722.webp,,genuine,genuine,genuine,genuine,genuine,genuine,genuine,genuine,genuine,genuine,genuine,1,0,0,0,0,0,1
PakWheels,Polaris RZR  2025  for Sale,Toyota,Corolla,Standard,2025,0,3500000,35.0,800,Islamabad,1300,Automatic,Electric,https://www.pakwheels.com/used-cars/polaris-rzr-2025-for-sale-in-islamabad-11936925,https://cache1.pakwheels.com/ad_pictures/1504/tn_polaris-rzr-2025-150487225.webp,,genuine,genuine,genuine,genuine,genuine,genuine,genuine,genuine,genuine,genuine,genuine,1,0,0,0,0,0,1
PakWheels,Toyota Land Cruiser  2012 ZX for Sale,Toyota,Land Cruiser,Standard,2012,12,25800000,258.0,170000,Lahore,4600,Automatic,Petrol,https://www.pakwheels.com/used-cars/toyota-land-cruiser-2012-for-sale-in-lahore-12044372,https://cache4.pakwheels.com/ad_pictures/1521/tn_toyota-land-cruiser-zx-2-2012-152138971.webp,,genuine,genuine,genuine,genuine,genuine,genuine,genuine,genuine,genuine,genuine,genuine,1,0,0,0,0,0,1
PakWheels,Hyundai Sonata  2022 2.0 for Sale,Hyundai,Sonata,Standard,2022,2,8300000,83.0,42191,Lahore,2000,Automatic,Petrol,https://www.pakwheels.com/used-cars/hyundai-sonata-2022-for-sale-in-lahore-11907149,https://cache3.pakwheels.com/ad_pictures/1500/tn_hyundai-sonata-2-0-3-2022-150033963.webp,,genuine,genuine,genuine,genuine,genuine,genuine,genuine,genuine,genuine,genuine,genuine,1,0,0,0,0,0,1
PakWheels,Suzuki Alto  2024 L Upgrade for Sale,Suzuki,Alto,Standard,2024,0,3400000,34.0,3200,Karachi,660,Automatic,Petrol,https://www.pakwheels.com/used-cars/suzuki-alto-2024-for-sale-in-karachi-12044418,https://cache3.pakwheels.com/ad_pictures/1521/tn_suzuki-alto-l-upgrade-2024-152139749.webp,,genuine,genuine,genuine,genuine,genuine,genuine,genuine,genuine,genuine,genuine,genuine,1,0,0,0,0,0,1
PakWheels,Toyota Prado  2021 TX L Package 2.7 for Sale,Toyota,Prado,Standard,2021,3,25000000,250.0,40000,Karachi,2700,Automatic,Petrol,https://www.pakwheels.com/used-cars/toyota-prado-2021-for-sale-in-karachi-12044545,https://cache2.pakwheels.com/ad_pictures/1521/tn_toyota-prado-tx-l-package-2-7-2021-152141669.webp,,genuine,genuine,genuine,genuine,genuine,genuine,genuine,genuine,genuine,genuine,genuine,1,0,0,0,0,0,1
PakWheels,Toyota Yaris Cross  2022 Hybrid Z for Sale,Toyota,Yaris,Standard,2022,2,4850000,48.5,50000,Lahore,1500,Automatic,Petrol,https://www.pakwheels.com/used-cars/toyota-yaris-cross-2022-for-sale-in-lahore-12044549,https://cache4.pakwheels.com/ad_pictures/1521/tn_toyota-yaris-cross-hybrid-z-2-2022-152141526.webp,,genuine,genuine,genuine,genuine,genuine,genuine,genuine,genuine,genuine,genuine,genuine,1,0,0,0,0,0,1
PakWheels,Haval H6  2025 HEV for Sale,Haval,H6,Standard,2025,0,11000000,110.0,38000,Sialkot,1500,Automatic,Hybrid,https://www.pakwheels.com/used-cars/haval-h6-2025-for-sale-in-sialkot-12044548,https://cache2.pakwheels.com/ad_pictures/1521/tn_haval-h6-hev-2025-152141577.webp,,genuine,genuine,genuine,genuine,genuine,genuine,genuine,genuine,genuine,genuine,genuine,1,0,0,0,0,0,1
PakWheels,Toyota Prado 2nd (J90) Generation 2000 TZ 3.4 for Sale,Toyota,Prado,Standard,2000,24,5500000,55.0,204700,Lahore,3400,Automatic,Petrol,https://www.pakwheels.com/used-cars/toyota-prado-2000-for-sale-in-lahore-12044547,https://cache1.pakwheels.com/ad_pictures/1521/tn_toyota-prado-tz-3-4-2000-152141407.webp,,genuine,genuine,genuine,genuine,genuine,genuine,genuine,genuine,genuine,genuine,genuine,1,0,0,0,0,0,1
PakWheels,Suzuki Cultus  2008 VXRi for Sale,Suzuki,Cultus,VXR,2008,16,1100000,11.0,27456,Lahore,1000,Manual,Petrol,https://www.pakwheels.com/used-cars/suzuki-cultus-2008-for-sale-in-lahore-11907414,https://cache1.pakwheels.com/ad_pictures/1500/tn_suzuki-cultus-vxri-2-2008-150038436.webp,,genuine,genuine,genuine,genuine,genuine,genuine,genuine,genuine,genuine,genuine,genuine,1,0,0,0,0,0,1
PakWheels,Suzuki Wagon R  2017 VXL for Sale,Suzuki,Wagon R,VXL,2017,7,2225000,22.25,120000,Faisalabad,1000,Manual,Petrol,https://www.pakwheels.com/used-cars/suzuki-wagon-r-2017-for-sale-in-faisalabad-12044540,https://cache4.pakwheels.com/ad_pictures/1521/tn_suzuki-wagon-r-vxl-2017-152141559.webp,,genuine,genuine,genuine,genuine,genuine,genuine,genuine,genuine,genuine,genuine,genuine,1,0,0,0,0,0,1
PakWheels,Suzuki Alto  2021 VXR AGS for Sale,Suzuki,Alto,VXR,2021,3,2675000,26.75,95000,Lahore,660,Automatic,Petrol,https://www.pakwheels.com/used-cars/suzuki-alto-2021-for-sale-in-lahore-12044539,https://cache2.pakwheels.com/ad_pictures/1521/tn_suzuki-alto-vxr-ags-2021-152141299.webp,,genuine,genuine,genuine,genuine,genuine,genuine,genuine,genuine,genuine,genuine,genuine,1,0,0,0,0,0,1
PakWheels,Toyota Fortuner  2020 2.7 VVTi for Sale,Toyota,Fortuner,Standard,2020,4,12000000,120.0,70000,Lahore,2700,Automatic,Petrol,https://www.pakwheels.com/used-cars/toyota-fortuner-2020-for-sale-in-lahore-12044535,https://cache2.pakwheels.com/ad_pictures/1521/tn_toyota-fortuner-2-7-automatic-2020-152141467.webp,,genuine,genuine,genuine,genuine,genuine,genuine,genuine,genuine,genuine,genuine,genuine,1,0,0,0,0,0,1
PakWheels,Suzuki Alto  2026 VXR for Sale,Suzuki,Alto,VXR,2026,0,3150000,31.5,5000,Rawalpindi,660,Manual,Petrol,https://www.pakwheels.com/used-cars/suzuki-alto-2026-for-sale-in-rawalpindi-12044536,https://cache2.pakwheels.com/ad_pictures/1521/tn_suzuki-alto-vxr-2-2026-152141371.webp,,genuine,genuine,genuine,genuine,genuine,genuine,genuine,genuine,genuine,genuine,genuine,1,0,0,0,0,0,1
PakWheels,Daihatsu Cuore  2008 CX for Sale,Daihatsu,Cuore,Standard,2008,16,815000,8.15,150000,Karachi,800,Manual,Petrol,https://www.pakwheels.com/used-cars/daihatsu-cuore-2008-for-sale-in-karachi-11822341,https://cache2.pakwheels.com/ad_pictures/1487/tn_daihatsu-cuore-cx-2-2008-148736063.webp,,genuine,genuine,genuine,genuine,genuine,genuine,genuine,genuine,genuine,genuine,genuine,1,0,0,0,0,0,1
PakWheels,Mercedes Benz GLS Class  2015  for Sale,Mercedes,Benz,ES,2015,9,32500000,325.0,123928,Faisalabad,3000,Automatic,Petrol,https://www.pakwheels.com/used-cars/mercedes-benz-gls-class-2015-for-sale-in-faisalabad-11974680,https://cache3.pakwheels.com/ad_pictures/1510/tn_mercedes-benz-gls-class-gls450-2015-151069508.webp,,genuine,genuine,genuine,genuine,genuine,genuine,genuine,genuine,genuine,genuine,genuine,1,0,0,0,0,0,1
PakWheels,Suzuki Cultus  2023 VXL for Sale,Suzuki,Cultus,VXL,2023,1,4150000,41.5,320,Lahore,1000,Manual,Petrol,https://www.pakwheels.com/used-cars/suzuki-cultus-2023-for-sale-in-muzaffar-gargh-12044534,https://cache4.pakwheels.com/ad_pictures/1521/tn_suzuki-cultus-vxl-2-2023-152142340.webp,,genuine,genuine,genuine,genuine,genuine,genuine,genuine,genuine,genuine,genuine,genuine,1,0,0,0,0,0,1
PakWheels,Jaecoo J5  2026 Premium for Sale,Toyota,Corolla,Standard,2026,0,8000000,80.0,1,Karachi,1500,Automatic,Hybrid,https://www.pakwheels.com/used-cars/jaecoo-j5-2026-for-sale-in-karachi-12044505,https://cache2.pakwheels.com/ad_pictures/1521/tn_jaecoo-j5-premium-20-2026-152140871.webp,,genuine,genuine,genuine,genuine,genuine,genuine,genuine,genuine,genuine,genuine,genuine,1,0,0,0,0,0,1
PakWheels,Toyota Corolla 9th (E120) Generation 2003 2.0D Saloon for Sale,Toyota,Corolla,Standard,2003,21,2250000,22.5,180000,Lahore,2000,Manual,Diesel,https://www.pakwheels.com/used-cars/toyota-corolla-2003-for-sale-in-mirpur-ak-12044064,https://cache1.pakwheels.com/ad_pictures/1521/tn_toyota-corolla-20d-saloon-2003-152134692.webp,,genuine,genuine,genuine,genuine,genuine,genuine,genuine,genuine,genuine,genuine,genuine,1,0,0,0,0,0,1
PakWheels,Toyota Hilux  2021 Revo V Automatic 2.8 for Sale,Toyota,Hilux,Standard,2021,3,12100000,121.0,48000,Karachi,2800,Automatic,Diesel,https://www.pakwheels.com/used-cars/toyota-hilux-2021-for-sale-in-karachi-12044488,https://cache1.pakwheels.com/ad_pictures/1521/tn_toyota-hilux-revo-v-automatic-2-8-2021-152140722.webp,,genuine,genuine,genuine,genuine,genuine,genuine,genuine,genuine,genuine,genuine,genuine,1,0,0,0,0,0,1
PakWheels,Suzuki Ravi  2006  for Sale,Suzuki,Ravi,Standard,2006,18,690000,6.9,100000,Karachi,700,Manual,Petrol,https://www.pakwheels.com/used-cars/suzuki-ravi-2006-for-sale-in-karachi-12044529,https://cache3.pakwheels.com/ad_pictures/1521/tn_suzuki-ravi-2006-152141304.webp,,genuine,genuine,genuine,genuine,genuine,genuine,genuine,genuine,genuine,genuine,genuine,1,0,0,0,0,0,1
PakWheels,Toyota Passo  2012 X L Package for Sale,Toyota,Passo,Standard,2012,12,2100000,21.0,140250,Karachi,1000,Automatic,Petrol,https://www.pakwheels.com/used-cars/toyota-passo-2012-for-sale-in-karachi-12043781,https://cache2.pakwheels.com/ad_pictures/1521/tn_toyota-passo-x-l-package-2012-152128922.webp,,genuine,genuine,genuine,genuine,genuine,genuine,genuine,genuine,genuine,genuine,genuine,1,0,0,0,0,0,1
PakWheels,Toyota Corolla  2020 Altis Grande CVT-i 1.8 for Sale,Toyota,Corolla,Standard,2020,4,5450000,54.5,87916,Karachi,1800,Automatic,Petrol,https://www.pakwheels.com/used-cars/toyota-corolla-2020-for-sale-in-karachi-12044528,https://cache4.pakwheels.com/ad_pictures/1521/tn_toyota-corolla-altis-1-8-grande-automatic-2020-152141477.webp,,genuine,genuine,genuine,genuine,genuine,genuine,genuine,genuine,genuine,genuine,genuine,1,0,0,0,0,0,1
PakWheels,Toyota Hilux  2021 Revo V Automatic 2.8 for Sale,Toyota,Hilux,Standard,2021,3,11800000,118.0,41123,Karachi,2800,Automatic,Diesel,https://www.pakwheels.com/used-cars/toyota-hilux-2021-for-sale-in-karachi-11960965,https://cache4.pakwheels.com/ad_pictures/1508/tn_toyota-hilux-revo-v-automatic-2-8-2021-150852972.webp,,genuine,genuine,genuine,genuine,genuine,genuine,genuine,genuine,genuine,genuine,genuine,1,0,0,0,0,0,1
PakWheels,Honda City 6th (GM4) Generation 2022 1.2L CVT for Sale,Honda,City,Standard,2022,2,4060000,40.6,94118,Karachi,1200,Automatic,Petrol,https://www.pakwheels.com/used-cars/honda-city-2022-for-sale-in-karachi-11805041,https://cache2.pakwheels.com/ad_pictures/1484/tn_honda-city-1-2l-cvt-2022-148472265.webp,,genuine,genuine,genuine,genuine,genuine,genuine,genuine,genuine,genuine,genuine,genuine,1,0,0,0,0,0,1
PakWheels,Honda Civic Rebirth (FB) 2016 Oriel Prosmatec UG for Sale,Honda,Civic,Rebirth,2016,8,4350000,43.5,140000,Islamabad,1800,Automatic,Petrol,https://www.pakwheels.com/used-cars/honda-civic-2016-for-sale-in-islamabad-12044526,https://cache3.pakwheels.com/ad_pictures/1521/tn_honda-civic-oriel-prosmatec-ug-2016-152141408.webp,,genuine,genuine,genuine,genuine,genuine,genuine,genuine,genuine,genuine,genuine,genuine,1,0,0,0,0,0,1
PakWheels,Nissan Dayz Roox  2014 X V Selection for Sale,Nissan,Dayz,Standard,2014,10,2250000,22.5,123000,Islamabad,660,Automatic,Hybrid,https://www.pakwheels.com/used-cars/nissan-dayz-roox-2014-for-sale-in-islamabad-12044519,https://cache2.pakwheels.com/ad_pictures/1521/tn_nissan-dayz-roox-x-v-selection-2014-152141034.webp,,genuine,genuine,genuine,genuine,genuine,genuine,genuine,genuine,genuine,genuine,genuine,1,0,0,0,0,0,1
PakWheels,Suzuki Alto  2021 VXL AGS for Sale,Suzuki,Alto,VXL AGS,2021,3,2290000,22.9,48300,Lahore,660,Automatic,Petrol,https://www.pakwheels.com/used-cars/suzuki-alto-2021-for-sale-in-lahore-12044518,https://cache1.pakwheels.com/ad_pictures/1521/tn_suzuki-alto-vxl-2-2021-152141223.webp,,genuine,genuine,genuine,genuine,genuine,genuine,genuine,genuine,genuine,genuine,genuine,1,0,0,0,0,0,1
PakWheels,Honda Civic 5th (EG) Generation 1995 EX for Sale,Honda,Civic,Standard,1995,29,819999,8.2,200000,Karachi,1500,Manual,Petrol,https://www.pakwheels.com/used-cars/honda-civic-1995-for-sale-in-karachi-12044523,https://cache1.pakwheels.com/ad_pictures/1521/tn_honda-civic-ex-2-1995-152141191.webp,,genuine,genuine,genuine,genuine,genuine,genuine,genuine,genuine,genuine,genuine,genuine,1,0,0,0,0,0,1
OLX Pakistan,Toyota Land Cruiser 2020,Toyota,Land Cruiser,Standard,2020,4,29000000,290.0,70000,Islamabad,1300,Manual,Diesel,https://www.olx.com.pk/item/toyota-land-cruiser-2020-iid-1119644987,https://images.olx.com.pk/thumbnails/647765778-400x300.jpeg,Car of the Week | Rs 2.90 Crore | Toyota Land Cruiser 2020 | Lightweight allow rims. Everything is in genuine condition. All original documents are complete. Exchange is possible with other car. As go,genuine,genuine,genuine,genuine,genuine,genuine,genuine,genuine,genuine,genuine,genuine,1,0,0,0,0,0,1
OLX Pakistan,Suzuki alto vxr 2007,Suzuki,Alto,VXR,2007,17,835000,8.35,50000,Karachi,660,Manual,Petrol,https://www.olx.com.pk/item/suzuki-alto-vxr-2007-iid-1119340407,https://images.olx.com.pk/thumbnails/645948528-400x300.jpeg,"Featured | Rs 8.35 Lac | Suzuki alto vxr 2007 | 2007 | • | New | • | CNG | North Nazimabad, Karachi | • | 2 hours ago | Call | Chat",genuine,genuine,genuine,genuine,genuine,genuine,genuine,genuine,genuine,genuine,genuine,1,0,0,0,0,0,1
OLX Pakistan,Suzuki Alto VXR Manual 2023 Model,Suzuki,Alto,VXR,2023,1,2435000,24.35,37400,Karachi,660,Manual,Petrol,https://www.olx.com.pk/item/suzuki-alto-vxr-manual-2023-model-iid-1119622590,https://images.olx.com.pk/thumbnails/647856415-400x300.jpeg,"Featured | Rs 24.35 Lacs | Suzuki Alto VXR Manual 2023 Model | 2023 | • | 37,400 km | • | Petrol | Others, Karachi | • | 2 hours ago | Call | Chat",genuine,genuine,genuine,genuine,genuine,genuine,genuine,genuine,genuine,genuine,genuine,1,0,0,0,0,0,1
OLX Pakistan,Suzuki Alto 2020 VXL AGS,Suzuki,Alto,VXL AGS,2020,4,2575000,25.75,62700,Karachi,660,Automatic,Petrol,https://www.olx.com.pk/item/suzuki-alto-2020-vxl-ags-iid-1119581455,https://images.olx.com.pk/thumbnails/647388354-400x300.jpeg,"Featured | Rs 25.75 Lacs | Suzuki Alto 2020 VXL AGS | 2020 | • | 62,700 km | • | Petrol | DHA Phase 8, Karachi | • | 2 hours ago | Call | Chat",genuine,genuine,genuine,genuine,genuine,genuine,genuine,genuine,genuine,genuine,genuine,1,0,0,0,0,0,1
OLX Pakistan,Toyota Corolla XLI 2018,Toyota,Corolla,XLi,2018,6,3550000,35.5,105000,Karachi,1300,Manual,Petrol,https://www.olx.com.pk/item/toyota-corolla-xli-2018-iid-1119095806,https://images.olx.com.pk/thumbnails/644490486-400x300.jpeg,"Featured | Rs 35.50 Lacs | Toyota Corolla XLI 2018 | 2015 | • | 105,000 km | • | Petrol | Gulistan-e-Jauhar, Karachi | • | 2 hours ago | Call | Chat",genuine,genuine,genuine,genuine,genuine,genuine,genuine,genuine,genuine,genuine,genuine,1,0,0,0,0,0,1
OLX Pakistan,> KIA Sportage FWD 2022,KIA,Sportage,FWD,2022,2,6850000,68.5,15000,Karachi,2000,Manual,Petrol,https://www.olx.com.pk/item/kia-sportage-fwd-2022-iid-1118891758,https://images.olx.com.pk/thumbnails/643270287-400x300.jpeg,"Featured | Rs 68.50 Lacs | > KIA Sportage FWD 2022 | 2022 | • | 15,000 km | • | Petrol | Old Ravians Co-Operative Housing Society, Karachi | • | 2 hours ago | Call | Chat",genuine,genuine,genuine,genuine,genuine,genuine,genuine,genuine,genuine,genuine,genuine,1,0,0,0,0,0,1
OLX Pakistan,Honda city ivtec 1.3 Automatic 2017,Honda,City,Standard,2017,7,2850000,28.5,50000,Lahore,1300,Automatic,Petrol,https://www.olx.com.pk/item/honda-city-ivtec-13-automatic-2017-iid-1118691257,https://images.olx.com.pk/thumbnails/648074170-400x300.jpeg,"Featured | Rs 28.50 Lacs | Honda city ivtec 1.3 Automatic 2017 | 2018 | • | New | • | Petrol | Gulberg, Lahore | • | 2 hours ago | Call | Chat",genuine,genuine,genuine,genuine,genuine,genuine,genuine,genuine,genuine,genuine,genuine,1,0,0,0,0,0,1
OLX Pakistan,Honda Civic EXI || Model 1988/2001 Import,Honda,Civic,Standard,1988,36,944000,9.44,100000,Rawalpindi,1800,Manual,Petrol,https://www.olx.com.pk/item/honda-civic-exi-model-19882001-import-iid-1118614099,https://images.olx.com.pk/thumbnails/643568917-400x300.jpeg,"Featured | Rs 9.44 Lac | Honda Civic EXI || Model 1988/2001 Import | 1988 | • | 100,000 km | • | Petrol | Khanna Road, Rawalpindi | • | 2 hours ago | Call | Chat",genuine,genuine,genuine,genuine,genuine,genuine,genuine,genuine,genuine,genuine,genuine,1,0,0,0,0,0,1
OLX Pakistan,Toyota Surf SSR-G 3.4 1999 | Surf SSR-G 1999 For Sale | Auto,Toyota,Corolla,Standard,1999,25,5500000,55.0,129733,Lahore,1300,Automatic,Petrol,https://www.olx.com.pk/item/toyota-surf-ssr-g-34-1999-surf-ssr-g-1999-for-sale-auto-iid-1119698171,https://images.olx.com.pk/thumbnails/648082053-400x300.jpeg,"Featured | Rs 55 Lacs | Toyota Surf SSR-G 3.4 1999 | Surf SSR-G 1999 For Sale | Auto | 1999 | • | 129,733 km | • | Petrol | Cantt, Quetta | • | 2 hours ago | Call | Chat",genuine,genuine,genuine,genuine,genuine,genuine,genuine,genuine,genuine,genuine,genuine,1,0,0,0,0,0,1
OLX Pakistan,Toyota Corolla Altis SR 1.8 Cruisetronic 2010 | B2B Genuine,Toyota,Corolla,Standard,2010,14,3495000,34.95,70000,Rawalpindi,1300,Manual,Petrol,https://www.olx.com.pk/item/toyota-corolla-altis-sr-18-cruisetronic-2010-b2b-genuine-iid-1119696569,https://images.olx.com.pk/thumbnails/648072172-400x300.jpeg,"Featured | Rs 34.95 Lacs | Toyota Corolla Altis SR 1.8 Cruisetronic 2010 | B2B Genuine | 2010 | • | 70,000 km | • | Petrol | Askari 14, Rawalpindi | • | 2 hours ago | Call | Chat",genuine,genuine,genuine,genuine,genuine,genuine,genuine,genuine,genuine,genuine,genuine,1,0,0,0,0,0,1
OLX Pakistan,Mitsubishi Pajero 1998,Toyota,Corolla,Standard,1998,26,1250000,12.5,50000,Lahore,1300,Manual,Petrol,https://www.olx.com.pk/item/mitsubishi-pajero-1998-iid-1119697208,https://images.olx.com.pk/thumbnails/648076095-400x300.jpeg,"Featured | Rs 12.50 Lacs | Mitsubishi Pajero 1998 | 1998 | • | 50,000 km | • | Petrol | Muzzaffarabad City, Muzaffarabad | • | 2 hours ago | Call | Chat",genuine,genuine,genuine,genuine,genuine,genuine,genuine,genuine,genuine,genuine,genuine,1,0,0,0,0,0,1
OLX Pakistan,Suzuki Alto VXR 2024 Model Urgent Sale,Suzuki,Alto,VXR,2024,0,2560000,25.6,27200,Karachi,660,Manual,Petrol,https://www.olx.com.pk/item/suzuki-alto-vxr-2024-model-urgent-sale-iid-1119622867,https://images.olx.com.pk/thumbnails/647845319-400x300.jpeg,"Featured | Rs 25.60 Lacs | Suzuki Alto VXR 2024 Model Urgent Sale | 2024 | • | 27,200 km | • | Petrol | Others, Karachi | • | 2 hours ago | Call | Chat",genuine,genuine,genuine,genuine,genuine,genuine,genuine,genuine,genuine,genuine,genuine,1,0,0,0,0,0,1
OLX Pakistan,Suzuki Alto 2007,Suzuki,Alto,Standard,2007,17,825000,8.25,12345,Gujranwala,660,Manual,Petrol,https://www.olx.com.pk/item/suzuki-alto-2007-iid-1119691651,https://images.olx.com.pk/thumbnails/648042296-400x300.jpeg,"Featured | Rs 8.25 Lac | Suzuki Alto 2007 | 2007 | • | 12,345 km | • | Petrol | Others, Gujranwala | • | 2 hours ago | Call | Chat",genuine,genuine,genuine,genuine,genuine,genuine,genuine,genuine,genuine,genuine,genuine,1,0,0,0,0,0,1
OLX Pakistan,Toyota Corolla XLI 2004 urgent sale,Toyota,Corolla,XLi,2004,20,1420000,14.2,419000,Lahore,1300,Manual,Petrol,https://www.olx.com.pk/item/toyota-corolla-xli-2004-urgent-sale-iid-1119141243,https://images.olx.com.pk/thumbnails/648104238-400x300.jpeg,"Featured | Rs 14.20 Lacs | Toyota Corolla XLI 2004 urgent sale | 2004 | • | 419,000 km | • | Petrol | Bund Road, Lahore | • | 2 hours ago | Call | Chat",genuine,genuine,genuine,genuine,genuine,genuine,genuine,genuine,genuine,genuine,genuine,1,0,0,0,0,0,1
OLX Pakistan,Honda City 2017,Honda,City,Standard,2017,7,3175000,31.75,72000,Karachi,1300,Manual,Petrol,https://www.olx.com.pk/item/honda-city-2017-iid-1119696938,https://images.olx.com.pk/thumbnails/648074326-400x300.jpeg,"Featured | Rs 31.75 Lacs | Honda City 2017 | 2017 | • | 72,000 km | • | Petrol | University Road, Karachi | • | 2 hours ago | Call | Chat",genuine,genuine,genuine,genuine,genuine,genuine,genuine,genuine,genuine,genuine,genuine,1,0,0,0,0,0,1
OLX Pakistan,Suzuki Mehran VXR 2018,Suzuki,Mehran,VXR,2018,6,1345000,13.45,85000,Lahore,1300,Manual,Petrol,https://www.olx.com.pk/item/suzuki-mehran-vxr-2018-iid-1119697221,https://images.olx.com.pk/thumbnails/648076160-400x300.jpeg,"Featured | Rs 13.45 Lacs | Suzuki Mehran VXR 2018 | 2018 | • | 85,000 km | • | Petrol | DHA Defence, Lahore | • | 2 hours ago | Call | Chat",genuine,genuine,genuine,genuine,genuine,genuine,genuine,genuine,genuine,genuine,genuine,1,0,0,0,0,0,1
OLX Pakistan,Daihatsu Mira XSA3 2023,Daihatsu,Mira,Standard,2023,1,3990000,39.9,66000,Lahore,660,Manual,Petrol,https://www.olx.com.pk/item/daihatsu-mira-xsa3-2023-iid-1119697192,https://images.olx.com.pk/thumbnails/648075938-400x300.jpeg,"Featured | Rs 39.90 Lacs | Daihatsu Mira XSA3 2023 | 2023 | • | 66,000 km | • | Petrol | Faisal Town, Lahore | • | 2 hours ago | Call | Chat | WhatsApp",genuine,genuine,genuine,genuine,genuine,genuine,genuine,genuine,genuine,genuine,genuine,1,0,0,0,0,0,1
OLX Pakistan,Toyota Roomy 2025,Toyota,Corolla,Standard,2025,0,4150000,41.5,11500,Lahore,1300,Manual,Petrol,https://www.olx.com.pk/item/toyota-roomy-2025-iid-1119694782,https://images.olx.com.pk/thumbnails/648061971-400x300.jpeg,"Featured | Rs 41.50 Lacs | Toyota Roomy 2025 | 2025 | • | 11,500 km | • | Petrol | Salamatpura, Lahore | • | 2 hours ago | Call | Chat",genuine,genuine,genuine,genuine,genuine,genuine,genuine,genuine,genuine,genuine,genuine,1,0,0,0,0,0,1
OLX Pakistan,Toyota Corolla Axio 2007/Registered 2012,Toyota,Corolla,Standard,2007,17,3820000,38.2,100000,Peshawar,1300,Manual,Petrol,https://www.olx.com.pk/item/toyota-corolla-axio-2007registered-2012-iid-1119697118,https://images.olx.com.pk/thumbnails/648075487-400x300.jpeg,"Featured | Rs 38.20 Lacs | Toyota Corolla Axio 2007/Registered 2012 | 2007 | • | 100,000 km | • | Petrol | Saddar, Peshawar | • | 3 hours ago | Call | Chat",genuine,genuine,genuine,genuine,genuine,genuine,genuine,genuine,genuine,genuine,genuine,1,0,0,0,0,0,1
OLX Pakistan,Suzuki Alto 2023,Suzuki,Alto,Standard,2023,1,2690000,26.9,90000,Lahore,660,Manual,Petrol,https://www.olx.com.pk/item/suzuki-alto-2023-iid-1119695032,https://images.olx.com.pk/thumbnails/648063461-400x300.jpeg,"Featured | Rs 26.90 Lacs | Suzuki Alto 2023 | 2023 | • | 90,000 km | • | Petrol | Others, Pakpattan | • | 3 hours ago | Call | Chat",genuine,genuine,genuine,genuine,genuine,genuine,genuine,genuine,genuine,genuine,genuine,1,0,0,0,0,0,1
OLX Pakistan,Honda City 2017 brand new car Islamabad register for sale,Honda,City,Standard,2017,7,3450000,34.5,110000,Islamabad,1300,Manual,Petrol,https://www.olx.com.pk/item/honda-city-2017-brand-new-car-islamabad-register-for-sale-iid-1119646293,https://images.olx.com.pk/thumbnails/647773812-400x300.jpeg,"Featured | Rs 34.50 Lacs | Honda City 2017 brand new car Islamabad register for sale | 2017 | • | 110,000 km | • | Petrol | Gajju Matah, Lahore | • | 3 hours ago | Call | Chat",genuine,genuine,genuine,genuine,genuine,genuine,genuine,genuine,genuine,genuine,genuine,1,0,0,0,0,0,1
OLX Pakistan,Honda City 2018 Manual,Honda,City,Standard,2018,6,3290000,32.9,71000,Lahore,1300,Manual,Petrol,https://www.olx.com.pk/item/honda-city-2018-manual-iid-1119696856,https://images.olx.com.pk/thumbnails/648073828-400x300.jpeg,"Featured | Rs 32.90 Lacs | Honda City 2018 Manual | 2018 | • | 71,000 km | • | Petrol | Shadman 1, Lahore | • | 3 hours ago | Call | Chat",genuine,genuine,genuine,genuine,genuine,genuine,genuine,genuine,genuine,genuine,genuine,1,0,0,0,0,0,1
OLX Pakistan,Honda Civic VTi 1999,Honda,Civic,Standard,1999,25,990000,9.9,99999,Karachi,1800,Manual,Petrol,https://www.olx.com.pk/item/honda-civic-vti-1999-iid-1119696751,https://images.olx.com.pk/thumbnails/648073257-400x300.jpeg,"Featured | Rs 9.90 Lac | Honda Civic VTi 1999 | 1999 | • | 99,999 km | • | Petrol | Gulshan-e-Iqbal, Karachi | • | 3 hours ago | Call | Chat",genuine,genuine,genuine,genuine,genuine,genuine,genuine,genuine,genuine,genuine,genuine,1,0,0,0,0,0,1
OLX Pakistan,Jaecoo J7 2026 MODEL,Toyota,Corolla,Standard,2026,0,10300000,103.0,14500,Rawalpindi,1300,Manual,Petrol,https://www.olx.com.pk/item/jaecoo-j7-2026-model-iid-1119017636,https://images.olx.com.pk/thumbnails/644021404-400x300.jpeg,"Featured | Rs 1.03 Crore | Jaecoo J7 2026 MODEL | 2026 | • | 14,500 km | • | PHEV | Bahria Town Phase 7, Rawalpindi | • | 3 hours ago | Call | Chat",genuine,genuine,genuine,genuine,genuine,genuine,genuine,genuine,genuine,genuine,genuine,1,0,0,0,0,0,1
OLX Pakistan,Toyota Corolla XLI 2010,Toyota,Corolla,XLi,2010,14,2650000,26.5,231000,Multan,1300,Manual,Petrol,https://www.olx.com.pk/item/toyota-corolla-xli-2010-iid-1119600122,https://images.olx.com.pk/thumbnails/647495226-400x300.jpeg,"Featured | Rs 26.50 Lacs | Toyota Corolla XLI 2010 | 2010 | • | 231,000 km | • | Petrol | Bahadurpur, Multan | • | 3 hours ago | Call | Chat",genuine,genuine,genuine,genuine,genuine,genuine,genuine,genuine,genuine,genuine,genuine,1,0,0,0,0,0,1
OLX Pakistan,Honda Civic VTi Oriel Prosmatec 2010,Honda,Civic,VTi Oriel,2010,14,2650000,26.5,50000,Lahore,1800,Automatic,Petrol,https://www.olx.com.pk/item/honda-civic-vti-oriel-prosmatec-2010-iid-1115780135,https://images.olx.com.pk/thumbnails/634649291-400x300.jpeg,"Car of the Week | Rs 26.50 Lacs | Honda Civic VTi Oriel Prosmatec 2010 | Honda Civic Reborn 2010 VTi Oriel Prosmatec — Full Option Top-of-the-Line VTi Oriel Prosmatec Neat & clean family-used car, mai",genuine,genuine,genuine,genuine,genuine,genuine,genuine,genuine,genuine,genuine,genuine,1,0,0,0,0,0,1
OLX Pakistan,KIA Sportage AWD full option 2021,KIA,Sportage,AWD,2021,3,5950000,59.5,60000,Lahore,2000,Manual,Petrol,https://www.olx.com.pk/item/kia-sportage-awd-full-option-2021-iid-1119695980,https://images.olx.com.pk/thumbnails/648068867-400x300.jpeg,"Featured | Rs 59.50 Lacs | KIA Sportage AWD full option 2021 | 2021 | • | 60,000 km | • | Petrol | Charsadda Road, Charsadda | • | 3 hours ago | Call | Chat",genuine,genuine,genuine,genuine,genuine,genuine,genuine,genuine,genuine,genuine,genuine,1,0,0,0,0,0,1
OLX Pakistan,Toyota Corolla XLi 2007 | Excellent Condition | Biometric Available |,Toyota,Corolla,XLi,2007,17,1775000,17.75,30,Lahore,1300,Manual,Petrol,https://www.olx.com.pk/item/toyota-corolla-xli-2007-excellent-condition-biometric-available-iid-1119694167,https://images.olx.com.pk/thumbnails/648058324-400x300.jpeg,"Featured | Rs 17.75 Lacs | Toyota Corolla XLi 2007 | Excellent Condition | Biometric Available | | 2007 | • | 30 km | • | Petrol | Bhera, Sargodha | • | 3 hours ago | Call | Chat",genuine,genuine,genuine,genuine,genuine,genuine,genuine,genuine,genuine,genuine,genuine,1,0,0,0,0,0,1
OLX Pakistan,Toyota Corolla XLI Converted GLI 2015 | Toyota Corolla Car For Sale,Toyota,Corolla,XLi,2015,9,3279000,32.79,133000,Peshawar,1300,Manual,Petrol,https://www.olx.com.pk/item/toyota-corolla-xli-converted-gli-2015-toyota-corolla-car-for-sale-iid-1119694037,https://images.olx.com.pk/thumbnails/648057537-400x300.jpeg,"Featured | Rs 32.79 Lacs | Toyota Corolla XLI Converted GLI 2015 | Toyota Corolla Car For Sale | 2015 | • | 133,000 km | • | Petrol | City Oasis, Peshawar | • | 3 hours ago | Call | Chat",genuine,genuine,genuine,genuine,genuine,genuine,genuine,genuine,genuine,genuine,genuine,1,0,0,0,0,0,1
OLX Pakistan,Mitsubishi Pajero Mini 2006,Toyota,Corolla,Standard,2006,18,1150000,11.5,136000,Karachi,1300,Manual,Petrol,https://www.olx.com.pk/item/mitsubishi-pajero-mini-2006-iid-1119321727,https://images.olx.com.pk/thumbnails/645836522-400x300.jpeg,"Featured | Rs 11.50 Lacs | Mitsubishi Pajero Mini 2006 | 2006 | • | 136,000 km | • | Petrol | Bath Island, Karachi | • | 3 hours ago | Call | Chat",genuine,genuine,genuine,genuine,genuine,genuine,genuine,genuine,genuine,genuine,genuine,1,0,0,0,0,0,1
OLX Pakistan,MG HS 2021,MG,HS,Standard,2021,3,5520000,55.2,80000,Multan,1300,Manual,Petrol,https://www.olx.com.pk/item/mg-hs-2021-iid-1119179990,https://images.olx.com.pk/thumbnails/644990127-400x300.jpeg,"Featured | Rs 55.20 Lacs | MG HS 2021 | 2021 | • | 80,000 km | • | Petrol | Jalalpur Pirwala, Multan | • | 3 hours ago | Call | Chat",genuine,genuine,genuine,genuine,genuine,genuine,genuine,genuine,genuine,genuine,genuine,1,0,0,0,0,0,1
OLX Pakistan,Changan Oshan X7 2024,Changan,Oshan X7,Standard,2024,0,8100000,81.0,24000,Lahore,1300,Manual,Petrol,https://www.olx.com.pk/item/changan-oshan-x7-2024-iid-1119091865,https://images.olx.com.pk/thumbnails/644466946-400x300.jpeg,"Featured | Rs 81 Lacs | Changan Oshan X7 2024 | 2024 | • | 24,000 km | • | Petrol | Others, Quetta | • | 3 hours ago | Chat",genuine,genuine,genuine,genuine,genuine,genuine,genuine,genuine,genuine,genuine,genuine,1,0,0,0,0,0,1
OLX Pakistan,Toyota Vitz 2006,Toyota,Vitz,Standard,2006,18,1989000,19.89,80000,Karachi,1000,Manual,Petrol,https://www.olx.com.pk/item/toyota-vitz-2006-iid-1118828922,https://images.olx.com.pk/thumbnails/642889678-400x300.jpeg,"Featured | Rs 19.89 Lacs | Toyota Vitz 2006 | 2006 | • | 80,000 km | • | Petrol | Gulshan-e-Iqbal, Karachi | • | 3 hours ago | Call | Chat",genuine,genuine,genuine,genuine,genuine,genuine,genuine,genuine,genuine,genuine,genuine,1,0,0,0,0,0,1
OLX Pakistan,Honda HR-V VTI 2022,Honda,HR-V,Standard,2022,2,6500000,65.0,50000,Karachi,1300,Manual,Petrol,https://www.olx.com.pk/item/honda-hr-v-vti-2022-iid-1118819376,https://images.olx.com.pk/thumbnails/642837257-400x300.jpeg,"Featured | Rs 65 Lacs | Honda HR-V VTI 2022 | 2022 | • | New | • | Petrol | Gulshan-e-Iqbal, Karachi | • | 3 hours ago | Call | Chat",genuine,genuine,genuine,genuine,genuine,genuine,genuine,genuine,genuine,genuine,genuine,1,0,0,0,0,0,1
OLX Pakistan,Changan Oshan X7 Comfort 2022,Changan,Oshan X7,Standard,2022,2,7500000,75.0,54000,Lahore,1300,Manual,Diesel,https://www.olx.com.pk/item/changan-oshan-x7-comfort-2022-iid-1118689530,https://images.olx.com.pk/thumbnails/642067478-400x300.jpeg,"Featured | Rs 75 Lacs | Changan Oshan X7 Comfort 2022 | 2022 | • | 54,000 km | • | Diesel | Jampur Road, Dera Ghazi Khan | • | 3 hours ago | Call | Chat",genuine,genuine,genuine,genuine,genuine,genuine,genuine,genuine,genuine,genuine,genuine,1,0,0,0,0,0,1
OLX Pakistan,Toyota Prius S Safety Plus Full Option ZVW50 – 2017 Import,Toyota,Prius,Standard,2017,7,5950000,59.5,98500,Lahore,1300,Manual,Petrol,https://www.olx.com.pk/item/toyota-prius-s-safety-plus-full-option-zvw50-2017-import-iid-1118688196,https://images.olx.com.pk/thumbnails/642059134-400x300.jpeg,"Featured | Rs 59.50 Lacs | Toyota Prius S Safety Plus Full Option ZVW50 – 2017 Import | 2017 | • | 98,500 km | • | Petrol | Maqam-e-Hayat, Sargodha | • | 3 hours ago | Call | Chat",genuine,genuine,genuine,genuine,genuine,genuine,genuine,genuine,genuine,genuine,genuine,1,0,0,0,0,0,1
OLX Pakistan,Hyundai Tucson 2023,Hyundai,Tucson,Standard,2023,1,7700000,77.0,40000,Karachi,2000,Manual,Petrol,https://www.olx.com.pk/item/hyundai-tucson-2023-iid-1118686349,https://images.olx.com.pk/thumbnails/642047424-400x300.jpeg,"Featured | Rs 77 Lacs | Hyundai Tucson 2023 | 2023 | • | 40,000 km | • | Petrol | Others, Karachi | • | 3 hours ago | Call | Chat",genuine,genuine,genuine,genuine,genuine,genuine,genuine,genuine,genuine,genuine,genuine,1,0,0,0,0,0,1
OLX Pakistan,Honda Civic  2018 fabrics seats red meter,Honda,Civic,Standard,2018,6,5500000,55.0,70000,Lahore,1800,Manual,Petrol,https://www.olx.com.pk/item/honda-civic-2018-fabrics-seats-red-meter-iid-1119509749,https://images.olx.com.pk/thumbnails/646961408-400x300.jpeg,"Featured | Rs 55 Lacs | Honda Civic  2018 fabrics seats red meter | 2018 | • | 70,000 km | • | Petrol | Bahria Orchard, Lahore | • | 3 hours ago | Call | Chat",genuine,genuine,genuine,genuine,genuine,genuine,genuine,genuine,genuine,genuine,genuine,1,0,0,0,0,0,1
OLX Pakistan,Suzuki Alto 2025 Upgraded - Low Mileage,Suzuki,Alto,Standard,2025,0,2945000,29.45,21162,Lahore,660,Manual,Petrol,https://www.olx.com.pk/item/suzuki-alto-2025-upgraded-low-mileage-iid-1119652006,https://images.olx.com.pk/thumbnails/647808956-400x300.jpeg,"Featured | Rs 29.45 Lacs | Suzuki Alto 2025 Upgraded - Low Mileage | 2025 | • | 21,162 km | • | Petrol | Bahria Town - Sector D, Lahore | • | 3 hours ago | Call | Chat",genuine,genuine,genuine,genuine,genuine,genuine,genuine,genuine,genuine,genuine,genuine,1,0,0,0,0,0,1
OLX Pakistan,Suzuki Swift Automatic 2017 – Excellent Condition,Suzuki,Swift,Standard,2017,7,2425000,24.25,185000,Lahore,1300,Automatic,Petrol,https://www.olx.com.pk/item/suzuki-swift-automatic-2017-excellent-condition-iid-1119695292,https://images.olx.com.pk/thumbnails/648065057-400x300.jpeg,"Featured | Rs 24.25 Lacs | Suzuki Swift Automatic 2017 – Excellent Condition | 2017 | • | 185,000 km | • | Petrol | Sanda, Lahore | • | 3 hours ago | Call | Chat",genuine,genuine,genuine,genuine,genuine,genuine,genuine,genuine,genuine,genuine,genuine,1,0,0,0,0,0,1
OLX Pakistan,Suzuki Baleno 1999,Suzuki,Corolla,Standard,1999,25,750000,7.5,320,Karachi,1300,Manual,Petrol,https://www.olx.com.pk/item/suzuki-baleno-1999-iid-1119361610,https://images.olx.com.pk/thumbnails/646073934-400x300.jpeg,"Featured | Rs 7.50 Lac | Suzuki Baleno 1999 | 1999 | • | 320 km | • | Petrol | Gulshan-e-Maymar, Karachi | • | 3 hours ago | Call | Chat",genuine,genuine,genuine,genuine,genuine,genuine,genuine,genuine,genuine,genuine,genuine,1,0,0,0,0,0,1
OLX Pakistan,Honda civic x 1.5 turbo UG 2016 model,Honda,Civic,Standard,2016,8,4550000,45.5,50000,Lahore,1800,Manual,Petrol,https://www.olx.com.pk/item/honda-civic-x-15-turbo-ug-2016-model-iid-1118296946,https://images.olx.com.pk/thumbnails/648060452-400x300.jpeg,"Featured | Rs 45.50 Lacs | Honda civic x 1.5 turbo UG 2016 model | 2016 | • | New | • | Petrol | Sabzazar, Lahore | • | 3 hours ago | Call | Chat",genuine,genuine,genuine,genuine,genuine,genuine,genuine,genuine,genuine,genuine,genuine,1,0,0,0,0,0,1
OLX Pakistan,Honda Civic VTi Oriel Prosmatec 2010,Honda,Civic,VTi Oriel,2010,14,2550000,25.5,85640,Karachi,1800,Automatic,Petrol,https://www.olx.com.pk/item/honda-civic-vti-oriel-prosmatec-2010-iid-1119622987,https://images.olx.com.pk/thumbnails/647634559-400x300.jpeg,"Featured | Rs 25.50 Lacs | Honda Civic VTi Oriel Prosmatec 2010 | 2010 | • | 85,640 km | • | Petrol | Bahria Tower, Karachi | • | 3 hours ago | Call | Chat",genuine,genuine,genuine,genuine,genuine,genuine,genuine,genuine,genuine,genuine,genuine,1,0,0,0,0,0,1
OLX Pakistan,MG HS Trophy 2021 Model urgent Sale,MG,HS,Standard,2021,3,4750000,47.5,109000,Lahore,1300,Manual,Petrol,https://www.olx.com.pk/item/mg-hs-trophy-2021-model-urgent-sale-iid-1119694858,https://images.olx.com.pk/thumbnails/648062452-400x300.jpeg,"Featured | Rs 47.50 Lacs | MG HS Trophy 2021 Model urgent Sale | 2021 | • | 109,000 km | • | Petrol | Others, Gujrat | • | 3 hours ago | Call | Chat",genuine,genuine,genuine,genuine,genuine,genuine,genuine,genuine,genuine,genuine,genuine,1,0,0,0,0,0,1
OLX Pakistan,Suzuki Mehran VX 2007,Suzuki,Mehran,VX,2007,17,630000,6.3,8888,Lahore,1300,Manual,Petrol,https://www.olx.com.pk/item/suzuki-mehran-vx-2007-iid-1119694797,https://images.olx.com.pk/thumbnails/648062047-400x300.jpeg,"Featured | Rs 6.30 Lac | Suzuki Mehran VX 2007 | 2007 | • | 8,888 km | • | Petrol | Baghbanpura, Lahore | • | 3 hours ago | Call | Chat",genuine,genuine,genuine,genuine,genuine,genuine,genuine,genuine,genuine,genuine,genuine,1,0,0,0,0,0,1
OLX Pakistan,Toyota Prius 1.5 2009/2014,Toyota,Prius,Standard,2009,15,2950000,29.5,100000,Karachi,1300,Manual,Hybrid,https://www.olx.com.pk/item/toyota-prius-15-20092014-iid-1119694404,https://images.olx.com.pk/thumbnails/648059689-400x300.jpeg,"Featured | Rs 29.50 Lacs | Toyota Prius 1.5 2009/2014 | 2009 | • | 100,000 km | • | Hybrid | Gulistan-e-Jauhar, Karachi | • | 3 hours ago | Call | Chat",genuine,genuine,genuine,genuine,genuine,genuine,genuine,genuine,genuine,genuine,genuine,1,0,0,0,0,0,1
OLX Pakistan,Suzuki WagonR VXL 2018 total Genuine condition.,Suzuki,Corolla,VXL,2018,6,2030000,20.3,50000,Lahore,1300,Manual,Petrol,https://www.olx.com.pk/item/suzuki-wagonr-vxl-2018-total-genuine-condition-iid-1119034246,https://images.olx.com.pk/thumbnails/647717425-400x300.jpeg,"Featured | Rs 20.30 Lacs | Suzuki WagonR VXL 2018 total Genuine condition. | 2018 | • | New | • | Petrol | Bahria Town - Sector B, Lahore | • | 3 hours ago | Call | Chat",genuine,genuine,genuine,genuine,genuine,genuine,genuine,genuine,genuine,genuine,genuine,1,0,0,0,0,0,1
OLX Pakistan,Suzuki cultus vxl AGS model 2018 inner original outer 50/50 touch up,Suzuki,Cultus,VXL AGS,2018,6,2495000,24.95,82000,Karachi,1000,Automatic,Petrol,https://www.olx.com.pk/item/suzuki-cultus-vxl-ags-model-2018-inner-original-outer-5050-touch-up-iid-1118000453,https://images.olx.com.pk/thumbnails/644260623-400x300.jpeg,"Featured | Rs 24.95 Lacs | Suzuki cultus vxl AGS model 2018 inner original outer 50/50 touch up | 2018 | • | 82,000 km | • | Petrol | DHA Phase 5, Karachi | • | 4 hours ago | Call | Chat",genuine,genuine,genuine,genuine,genuine,genuine,genuine,genuine,genuine,genuine,genuine,1,0,0,0,0,0,1
OLX Pakistan,Honda Civic VTi Oriel Prosmatec 2016,Honda,Civic,VTi Oriel,2016,8,4050000,40.5,88000,Karachi,1800,Automatic,Petrol,https://www.olx.com.pk/item/honda-civic-vti-oriel-prosmatec-2016-iid-1117946238,https://images.olx.com.pk/thumbnails/637673909-400x300.jpeg,"Featured | Rs 40.50 Lacs | Honda Civic VTi Oriel Prosmatec 2016 | 2016 | • | 88,000 km | • | Petrol | Korangi, Karachi | • | 4 hours ago | Call | Chat",genuine,genuine,genuine,genuine,genuine,genuine,genuine,genuine,genuine,genuine,genuine,1,0,0,0,0,0,1
OLX Pakistan,Suzuki Cultus VXRI 2015 ORIGNAL CONDITION 03102619127,Suzuki,Cultus,VXR,2015,9,1395000,13.95,50000,Karachi,1000,Manual,Petrol,https://www.olx.com.pk/item/suzuki-cultus-vxri-2015-orignal-condition-03102619127-iid-1119578019,https://images.olx.com.pk/thumbnails/647368637-400x300.jpeg,"Featured | Rs 13.95 Lacs | Suzuki Cultus VXRI 2015 ORIGNAL CONDITION 03102619127 | 2015 | • | New | • | Petrol | Royal 8 Icon, Karachi | • | 4 hours ago | Call | Chat",genuine,genuine,genuine,genuine,genuine,genuine,genuine,genuine,genuine,genuine,genuine,1,0,0,0,0,0,1
OLX Pakistan,TOYOTA FORTUNER GR 2024 Model,Toyota,Fortuner,Standard,2024,0,19800000,198.0,64000,Lahore,2800,Manual,Petrol,https://www.olx.com.pk/item/toyota-fortuner-gr-2024-model-iid-1119565347,https://images.olx.com.pk/thumbnails/647293323-400x300.jpeg,Car of the Week | Rs 1.98 Crore | TOYOTA FORTUNER GR 2024 Model | TOYOTA FORTUNER GR - Model Dec 2024 / Registered 2025 Condition: - Total Original Paint - Scratchless Condition - 2nd Owner - Smart Ca,genuine,genuine,genuine,genuine,genuine,genuine,genuine,genuine,genuine,genuine,genuine,1,0,0,0,0,0,1
OLX Pakistan,Mitsubishi Pajero 1998/2008 Model,Toyota,Corolla,Standard,1998,26,894000,8.94,12345,Lahore,1300,Manual,Petrol,https://www.olx.com.pk/item/mitsubishi-pajero-19982008-model-iid-1119693339,https://images.olx.com.pk/thumbnails/648053491-400x300.jpeg,"Featured | Rs 8.94 Lac | Mitsubishi Pajero 1998/2008 Model | 1998 | • | 12,345 km | • | Petrol | Alfalah Town, Lahore | • | 4 hours ago | Call | Chat",genuine,genuine,genuine,genuine,genuine,genuine,genuine,genuine,genuine,genuine,genuine,1,0,0,0,0,0,1
OLX Pakistan,Toyota Mark II 2002,Toyota,Corolla,Standard,2002,22,2150000,21.5,85000,Karachi,1300,Manual,Petrol,https://www.olx.com.pk/item/toyota-mark-ii-2002-iid-1119656391,https://images.olx.com.pk/thumbnails/647834429-400x300.jpeg,"Featured | Rs 21.50 Lacs | Toyota Mark II 2002 | 2002 | • | 85,000 km | • | Petrol | Gulshan-e-Iqbal Town, Karachi | • | 4 hours ago | Call | Chat",genuine,genuine,genuine,genuine,genuine,genuine,genuine,genuine,genuine,genuine,genuine,1,0,0,0,0,0,1
OLX Pakistan,Nissan Dayz 2015 Roox Highwaystar,Nissan,Dayz,Standard,2015,9,2000000,20.0,12345,Karachi,660,Manual,Petrol,https://www.olx.com.pk/item/nissan-dayz-2015-roox-highwaystar-iid-1119693978,https://images.olx.com.pk/thumbnails/648057162-400x300.jpeg,"Featured | Rs 20 Lacs | Nissan Dayz 2015 Roox Highwaystar | 2016 | • | 12,345 km | • | Petrol | Tariq Road, Karachi | • | 4 hours ago | Call | Chat",genuine,genuine,genuine,genuine,genuine,genuine,genuine,genuine,genuine,genuine,genuine,1,0,0,0,0,0,1
OLX Pakistan,Toyota Vitz 2007/2012 original 1300cc own engine F/L package push star,Toyota,Vitz,Standard,2007,17,2425000,24.25,90000,Karachi,1000,Manual,Petrol,https://www.olx.com.pk/item/toyota-vitz-20072012-original-1300cc-own-engine-fl-package-push-star-iid-1119693799,https://images.olx.com.pk/thumbnails/648056160-400x300.jpeg,"Featured | Rs 24.25 Lacs | Toyota Vitz 2007/2012 original 1300cc own engine F/L package push star | 2007 | • | 90,000 km | • | Petrol | DHA Phase 5, Karachi | • | 4 hours ago | Call | Chat",genuine,genuine,genuine,genuine,genuine,genuine,genuine,genuine,genuine,genuine,genuine,1,0,0,0,0,0,1
OLX Pakistan,Toyota Corolla GLI 2013 VVT-i 1.3,Toyota,Corolla,Standard,2013,11,3250000,32.5,115006,Lahore,1300,Manual,Petrol,https://www.olx.com.pk/item/toyota-corolla-gli-2013-vvt-i-13-iid-1119430893,https://images.olx.com.pk/thumbnails/646482843-400x300.jpeg,"Featured | Rs 32.50 Lacs | Toyota Corolla GLI 2013 VVT-i 1.3 | 2013 | • | 115,006 km | • | Petrol | Johar Town Phase 1, Lahore | • | 4 hours ago | Call | Chat",genuine,genuine,genuine,genuine,genuine,genuine,genuine,genuine,genuine,genuine,genuine,1,0,0,0,0,0,1
OLX Pakistan,KIA Sportage Alpha 2021,KIA,Sportage,Standard,2021,3,5785000,57.85,60300,Lahore,2000,Manual,Petrol,https://www.olx.com.pk/item/kia-sportage-alpha-2021-iid-1119359899,https://images.olx.com.pk/thumbnails/646063601-400x300.jpeg,"Featured | Rs 57.85 Lacs | KIA Sportage Alpha 2021 | 2021 | • | 60,300 km | • | Petrol | New Garden Town, Lahore | • | 4 hours ago | Call | Chat",genuine,genuine,genuine,genuine,genuine,genuine,genuine,genuine,genuine,genuine,genuine,1,0,0,0,0,0,1
OLX Pakistan,MG HS 2023,MG,HS,Standard,2023,1,6450000,64.5,54998,Lahore,1300,Manual,Petrol,https://www.olx.com.pk/item/mg-hs-2023-iid-1119291184,https://images.olx.com.pk/thumbnails/645655754-400x300.jpeg,"Featured | Rs 64.50 Lacs | MG HS 2023 | 2023 | • | 54,998 km | • | Petrol | Gulberg 2, Lahore | • | 4 hours ago | Call | Chat",genuine,genuine,genuine,genuine,genuine,genuine,genuine,genuine,genuine,genuine,genuine,1,0,0,0,0,0,1
OLX Pakistan,suzuki swift urgent sale,Suzuki,Swift,Standard,2012,12,1850000,18.5,185000,Lahore,1300,Manual,Petrol,https://www.olx.com.pk/item/suzuki-swift-urgent-sale-iid-1119268050,https://images.olx.com.pk/thumbnails/645512576-400x300.jpeg,"Featured | Rs 18.50 Lacs | suzuki swift urgent sale | 2012 | • | 185,000 km | • | Petrol | Others, Burewala | • | 4 hours ago | Call | Chat",genuine,genuine,genuine,genuine,genuine,genuine,genuine,genuine,genuine,genuine,genuine,1,0,0,0,0,0,1
OLX Pakistan,MG HS Model 2021,MG,HS,Standard,2021,3,5700000,57.0,72000,Lahore,1300,Manual,Diesel,https://www.olx.com.pk/item/mg-hs-model-2021-iid-1119088551,https://images.olx.com.pk/thumbnails/644446424-400x300.jpeg,"Featured | Rs 57 Lacs | MG HS Model 2021 | 2021 | • | 72,000 km | • | Diesel | Attock Road, Attock | • | 4 hours ago | Call | Chat",genuine,genuine,genuine,genuine,genuine,genuine,genuine,genuine,genuine,genuine,genuine,1,0,0,0,0,0,1
OLX Pakistan,Daihatsu Cuore 2011 — Total Genuine | Just Buy & Drive!,Daihatsu,Cuore,Standard,2011,13,1400000,14.0,164000,Lahore,660,Manual,Petrol,https://www.olx.com.pk/item/daihatsu-cuore-2011-total-genuine-just-buy-drive-iid-1119088101,https://images.olx.com.pk/thumbnails/644443761-400x300.jpeg,"Featured | Rs 14 Lacs | Daihatsu Cuore 2011 — Total Genuine | Just Buy & Drive! | 2011 | • | 164,000 km | • | Petrol | GT Road, Chichawatni | • | 4 hours ago | Call | Chat",genuine,genuine,genuine,genuine,genuine,genuine,genuine,genuine,genuine,genuine,genuine,1,0,0,0,0,0,1
OLX Pakistan,Suzuki mehran 2008,Suzuki,Mehran,Standard,2008,16,850000,8.5,150000,Islamabad,1300,Manual,Petrol,https://www.olx.com.pk/item/suzuki-mehran-2008-iid-1118998694,https://images.olx.com.pk/thumbnails/647756793-400x300.jpeg,"Featured | Rs 8.50 Lac | Suzuki mehran 2008 | 2008 | • | 150,000 km | • | Petrol | Jhangi Syedan, Islamabad | • | 4 hours ago | Call | Chat",genuine,genuine,genuine,genuine,genuine,genuine,genuine,genuine,genuine,genuine,genuine,1,0,0,0,0,0,1
OLX Pakistan,Suzuki Cultus Euro II 2012 | Suzuki Cultus 2012 | Cultus Car For Sale,Suzuki,Cultus,Euro II,2012,12,1575000,15.75,60000,Lahore,1000,Manual,Petrol,https://www.olx.com.pk/item/suzuki-cultus-euro-ii-2012-suzuki-cultus-2012-cultus-car-for-sale-iid-1118883841,https://images.olx.com.pk/thumbnails/643221606-400x300.jpeg,"Featured | Rs 15.75 Lacs | Suzuki Cultus Euro II 2012 | Suzuki Cultus 2012 | Cultus Car For Sale | 2012 | • | 60,000 km | • | Petrol | Garhi Shahu, Lahore | • | 4 hours ago | Call | Chat",genuine,genuine,genuine,genuine,genuine,genuine,genuine,genuine,genuine,genuine,genuine,1,0,0,0,0,0,1
OLX Pakistan,MG HS 2026,MG,HS,Standard,2026,0,9700000,97.0,50000,Lahore,1300,Manual,Petrol,https://www.olx.com.pk/item/mg-hs-2026-iid-1118868495,https://images.olx.com.pk/thumbnails/643121108-400x300.jpeg,"Featured | Rs 97 Lacs | MG HS 2026 | 2026 | • | New | • | PHEV | DHA Phase 6, Lahore | • | 4 hours ago | Call | Chat",genuine,genuine,genuine,genuine,genuine,genuine,genuine,genuine,genuine,genuine,genuine,1,0,0,0,0,0,1
OLX Pakistan,Honda City 1.2 Automatic 2026 Model Zero Meter For Sale,Honda,City,Standard,2026,0,2800000,28.0,50000,Rawalpindi,1300,Automatic,Petrol,https://www.olx.com.pk/item/honda-city-12-automatic-2026-model-zero-meter-for-sale-iid-1117996570,https://images.olx.com.pk/thumbnails/644702305-400x300.jpeg,"Featured | Rs 28 Lacs | Honda City 1.2 Automatic 2026 Model Zero Meter For Sale | 2025 | • | New | • | Petrol | Bahria Town Phase 8, Rawalpindi | • | 4 hours ago | Call | Chat",genuine,genuine,genuine,genuine,genuine,genuine,genuine,genuine,genuine,genuine,genuine,1,0,0,0,0,0,1
OLX Pakistan,Honda Vezel 2014/2019 Total genuine,Honda,Vezel,Standard,2014,10,4250000,42.5,87000,Rawalpindi,1800,Manual,Hybrid,https://www.olx.com.pk/item/honda-vezel-20142019-total-genuine-iid-1117303201,https://images.olx.com.pk/thumbnails/644451084-400x300.jpeg,"Featured | Rs 42.50 Lacs | Honda Vezel 2014/2019 Total genuine | 2014 | • | 87,000 km | • | Hybrid | Askari 14, Rawalpindi | • | 4 hours ago | Call | Chat",genuine,genuine,genuine,genuine,genuine,genuine,genuine,genuine,genuine,genuine,genuine,1,0,0,0,0,0,1
OLX Pakistan,TOYOT YARIS ATIV 1.3cc MODEL 2022 (B2B) ORIGINAL WHITE COLOR,Toyota,Yaris,ATIV 1.3,2022,2,4399000,43.99,50000,Karachi,1300,Manual,Petrol,https://www.olx.com.pk/item/toyot-yaris-ativ-13cc-model-2022-b2b-original-white-color-iid-1119693567,https://images.olx.com.pk/thumbnails/648055685-400x300.jpeg,"Featured | Rs 43.99 Lacs | TOYOT YARIS ATIV 1.3cc MODEL 2022 (B2B) ORIGINAL WHITE COLOR | 2022 | • | New | • | Petrol | DHA Phase 2, Karachi | • | 4 hours ago | Call | Chat",genuine,genuine,genuine,genuine,genuine,genuine,genuine,genuine,genuine,genuine,genuine,1,0,0,0,0,0,1
OLX Pakistan,Honda Vezel 2017 Z Sensing – Brand New Condition,Honda,Vezel,Standard,2017,7,6100000,61.0,124000,Faisalabad,1800,Manual,Hybrid,https://www.olx.com.pk/item/honda-vezel-2017-z-sensing-brand-new-condition-iid-1119670113,https://images.olx.com.pk/thumbnails/648054383-400x300.jpeg,"Featured | Rs 61 Lacs | Honda Vezel 2017 Z Sensing – Brand New Condition | 2017 | • | 124,000 km | • | Hybrid | Satiana Road, Faisalabad | • | 4 hours ago | Call | Chat",genuine,genuine,genuine,genuine,genuine,genuine,genuine,genuine,genuine,genuine,genuine,1,0,0,0,0,0,1
OLX Pakistan,Suzuki Cultus VXR 2005,Suzuki,Cultus,VXR,2005,19,750000,7.5,12345,Karachi,1000,Manual,Petrol,https://www.olx.com.pk/item/suzuki-cultus-vxr-2005-iid-1119693413,https://images.olx.com.pk/thumbnails/648053926-400x300.jpeg,"Featured | Rs 7.50 Lac | Suzuki Cultus VXR 2005 | 2005 | • | 12,345 km | • | Petrol | Shaheed Millat Road, Karachi | • | 4 hours ago | Call | Chat",genuine,genuine,genuine,genuine,genuine,genuine,genuine,genuine,genuine,genuine,genuine,1,0,0,0,0,0,1
OLX Pakistan,Suzuki Alto VXL AGS 2025 Model 1st Owner Total Genuine,Suzuki,Alto,VXL AGS,2025,0,3250000,32.5,9500,Lahore,660,Automatic,Petrol,https://www.olx.com.pk/item/suzuki-alto-vxl-ags-2025-model-1st-owner-total-genuine-iid-1119693315,https://images.olx.com.pk/thumbnails/648053329-400x300.jpeg,"Featured | Rs 32.50 Lacs | Suzuki Alto VXL AGS 2025 Model 1st Owner Total Genuine | 2025 | • | 9,500 km | • | Petrol | Mehtab Colony, Gujrat | • | 4 hours ago | Call | Chat",genuine,genuine,genuine,genuine,genuine,genuine,genuine,genuine,genuine,genuine,genuine,1,0,0,0,0,0,1
OLX Pakistan,Suzuki Mehran VX 2016,Suzuki,Mehran,VX,2016,8,1130000,11.3,28000,Lahore,1300,Manual,Petrol,https://www.olx.com.pk/item/suzuki-mehran-vx-2016-iid-1119690954,https://images.olx.com.pk/thumbnails/648038051-400x300.jpeg,"Featured | Rs 11.30 Lacs | Suzuki Mehran VX 2016 | 2016 | • | 28,000 km | • | Petrol | Gulshan-e-Ravi, Lahore | • | 4 hours ago | Call | Chat",genuine,genuine,genuine,genuine,genuine,genuine,genuine,genuine,genuine,genuine,genuine,1,0,0,0,0,0,1
OLX Pakistan,Suzuki Alto 2005,Suzuki,Alto,Standard,2005,19,1075000,10.75,68547,Karachi,660,Manual,Petrol,https://www.olx.com.pk/item/suzuki-alto-2005-iid-1119690288,https://images.olx.com.pk/thumbnails/648033706-400x300.jpeg,"Featured | Rs 10.75 Lacs | Suzuki Alto 2005 | 2005 | • | 68,547 km | • | Petrol | PECHS, Karachi | • | 4 hours ago | Call | Chat",genuine,genuine,genuine,genuine,genuine,genuine,genuine,genuine,genuine,genuine,genuine,1,0,0,0,0,0,1
OLX Pakistan,Suzuki Wagon R 2021 VXL,Suzuki,Wagon R,VXL,2021,3,2815000,28.15,86000,Lahore,1000,Manual,Petrol,https://www.olx.com.pk/item/suzuki-wagon-r-2021-vxl-iid-1119668899,https://images.olx.com.pk/thumbnails/647904546-400x300.jpeg,"Featured | Rs 28.15 Lacs | Suzuki Wagon R 2021 VXL | 2021 | • | 86,000 km | • | Petrol | Others, Raiwind | • | 4 hours ago | Call | Chat",genuine,genuine,genuine,genuine,genuine,genuine,genuine,genuine,genuine,genuine,genuine,1,0,0,0,0,0,1
OLX Pakistan,Daihatsu Hijet 2014,Daihatsu,Hijet,Standard,2014,10,1650000,16.5,102500,Karachi,1300,Manual,Petrol,https://www.olx.com.pk/item/daihatsu-hijet-2014-iid-1119692943,https://images.olx.com.pk/thumbnails/648050683-400x300.jpeg,"Featured | Rs 16.50 Lacs | Daihatsu Hijet 2014 | 2014 | • | 102,500 km | • | Petrol | DHA Defence, Karachi | • | 4 hours ago | Call | Chat",genuine,genuine,genuine,genuine,genuine,genuine,genuine,genuine,genuine,genuine,genuine,1,0,0,0,0,0,1
OLX Pakistan,Haval H6 2026,Haval,H6,Standard,2026,0,11399999,114.0,50000,Islamabad,1300,Manual,Petrol,https://www.olx.com.pk/item/haval-h6-2026-iid-1119691365,https://images.olx.com.pk/thumbnails/648040604-400x300.jpeg,"Featured | Rs 1.14 Crore | Haval H6 2026 | 2026 | • | New | • | Petrol | F-11 Markaz, Islamabad | • | 4 hours ago | Call | Chat",genuine,genuine,genuine,genuine,genuine,genuine,genuine,genuine,genuine,genuine,genuine,1,0,0,0,0,0,1
OLX Pakistan,Toyota Corolla Cross HEV X 2026 | 929 KM | B2B Genuine | First Owner |,Toyota,Corolla,Standard,2026,0,10600000,106.0,929,Lahore,1300,Manual,Hybrid,https://www.olx.com.pk/item/toyota-corolla-cross-hev-x-2026-929-km-b2b-genuine-first-owner-iid-1119439836,https://images.olx.com.pk/thumbnails/646538083-400x300.jpeg,Car of the Week | Rs 1.06 Crore | Toyota Corolla Cross HEV X 2026 | 929 KM | B2B Genuine | First Owner | | Toyota Corolla Cross HEV X 2026 Toyota Corolla Cross HEV X 2026 in showroom condition 10/10. ,genuine,genuine,genuine,genuine,genuine,genuine,genuine,genuine,genuine,genuine,genuine,1,0,0,0,0,0,1
OLX Pakistan,DFSK Glory 580 Pro 2021 | Glory 580 2021 For Sale | Genuine Condition,DFSK,Glory,Standard,2021,3,3950000,39.5,62000,Lahore,1300,Manual,Petrol,https://www.olx.com.pk/item/dfsk-glory-580-pro-2021-glory-580-2021-for-sale-genuine-condition-iid-1119692808,https://images.olx.com.pk/thumbnails/648049763-400x300.jpeg,"Featured | Rs 39.50 Lacs | DFSK Glory 580 Pro 2021 | Glory 580 2021 For Sale | Genuine Condition | 2021 | • | 62,000 km | • | Petrol | Hafizabad Bypass, Hafizabad | • | 4 hours ago | Call | Chat",genuine,genuine,genuine,genuine,genuine,genuine,genuine,genuine,genuine,genuine,genuine,1,0,0,0,0,0,1
OLX Pakistan,Suzuki Alto 2015,Suzuki,Alto,Standard,2015,9,1700000,17.0,100000,Lahore,660,Manual,Petrol,https://www.olx.com.pk/item/suzuki-alto-2015-iid-1119168202,https://images.olx.com.pk/thumbnails/644919448-400x300.jpeg,"Featured | Rs 17 Lacs | Suzuki Alto 2015 | 2011 | • | 100,000 km | • | Petrol | Shahi Road, Khanpur | • | 4 hours ago | Call | Chat",genuine,genuine,genuine,genuine,genuine,genuine,genuine,genuine,genuine,genuine,genuine,1,0,0,0,0,0,1
OLX Pakistan,Jaecoo J5 premium 2026,Toyota,Corolla,Standard,2026,0,8950000,89.5,50000,Lahore,1300,Manual,Hybrid,https://www.olx.com.pk/item/jaecoo-j5-premium-2026-iid-1119692643,https://images.olx.com.pk/thumbnails/648048368-400x300.jpeg,"Featured | Rs 89.50 Lacs | Jaecoo J5 premium 2026 | 2026 | • | New | • | Hybrid | New City Phase 2, Wah | • | 4 hours ago | Call | Chat",genuine,genuine,genuine,genuine,genuine,genuine,genuine,genuine,genuine,genuine,genuine,1,0,0,0,0,0,1
OLX Pakistan,Honda City 2006,Honda,City,Standard,2006,18,1650000,16.5,130000,Karachi,1300,Manual,Petrol,https://www.olx.com.pk/item/honda-city-2006-iid-1118586467,https://images.olx.com.pk/thumbnails/641456369-400x300.jpeg,"Featured | Rs 16.50 Lacs | Honda City 2006 | 2006 | • | 130,000 km | • | Petrol | Garden East, Karachi | • | 4 hours ago | Call | Chat",genuine,genuine,genuine,genuine,genuine,genuine,genuine,genuine,genuine,genuine,genuine,1,0,0,0,0,0,1
OLX Pakistan,Suzuki Mehran VXR 2017,Suzuki,Mehran,VXR,2017,7,1350000,13.5,117000,Lahore,1300,Manual,Petrol,https://www.olx.com.pk/item/suzuki-mehran-vxr-2017-iid-1119129717,https://images.olx.com.pk/thumbnails/644687156-400x300.jpeg,"Featured | Rs 13.50 Lacs | Suzuki Mehran VXR 2017 | 2017 | • | 117,000 km | • | Petrol | Shah Sikandar Road, Dera Ghazi Khan | • | 4 hours ago | Call | Chat",genuine,genuine,genuine,genuine,genuine,genuine,genuine,genuine,genuine,genuine,genuine,1,0,0,0,0,0,1
OLX Pakistan,Suzuki Cultus VXL 2019,Suzuki,Cultus,VXL,2019,5,2775000,27.75,98000,Karachi,1000,Manual,Petrol,https://www.olx.com.pk/item/suzuki-cultus-vxl-2019-iid-1119692188,https://images.olx.com.pk/thumbnails/648045475-400x300.jpeg,"Featured | Rs 27.75 Lacs | Suzuki Cultus VXL 2019 | 2019 | • | 98,000 km | • | Petrol | DHA Phase 1, Karachi | • | 5 hours ago | Call | Chat",genuine,genuine,genuine,genuine,genuine,genuine,genuine,genuine,genuine,genuine,genuine,1,0,0,0,0,0,1
OLX Pakistan,Audi A3 2018,Audi,A3,Standard,2018,6,6950000,69.5,48000,Lahore,1300,Manual,Petrol,https://www.olx.com.pk/item/audi-a3-2018-iid-1119692133,https://images.olx.com.pk/thumbnails/648045067-400x300.jpeg,"Featured | Rs 69.50 Lacs | Audi A3 2018 | 2018 | • | 48,000 km | • | Petrol | Johar Town, Lahore | • | 5 hours ago | Call | Chat | WhatsApp",genuine,genuine,genuine,genuine,genuine,genuine,genuine,genuine,genuine,genuine,genuine,1,0,0,0,0,0,1
OLX Pakistan,Mercedes S Class 2003,Mercedes,S,ES,2003,21,5000000,50.0,149991,Gujranwala,1300,Manual,Diesel,https://www.olx.com.pk/item/mercedes-s-class-2003-iid-1119691708,https://images.olx.com.pk/thumbnails/648042555-400x300.jpeg,"Featured | Rs 50 Lacs | Mercedes S Class 2003 | 2003 | • | 149,991 km | • | Diesel | Rahwali Cantt, Gujranwala | • | 5 hours ago | Call | Chat",genuine,genuine,genuine,genuine,genuine,genuine,genuine,genuine,genuine,genuine,genuine,1,0,0,0,0,0,1
OLX Pakistan,MG HS 2021,MG,HS,Standard,2021,3,5800000,58.0,55000,Lahore,1300,Manual,Petrol,https://www.olx.com.pk/item/mg-hs-2021-iid-1119691992,https://images.olx.com.pk/thumbnails/648044204-400x300.jpeg,"Featured | Rs 58 Lacs | MG HS 2021 | 2021 | • | 55,000 km | • | Petrol | Johar Town, Lahore | • | 5 hours ago | Call | Chat | WhatsApp",genuine,genuine,genuine,genuine,genuine,genuine,genuine,genuine,genuine,genuine,genuine,1,0,0,0,0,0,1
OLX Pakistan,Hyundai Santro 2009,Hyundai,Corolla,Standard,2009,15,1630000,16.3,137000,Faisalabad,1300,Manual,Petrol,https://www.olx.com.pk/item/hyundai-santro-2009-iid-1119451079,https://images.olx.com.pk/thumbnails/646609045-400x300.jpeg,"Featured | Rs 16.30 Lacs | Hyundai Santro 2009 | 2009 | • | 137,000 km | • | Petrol | Abdullah City, Faisalabad | • | 5 hours ago | Call | Chat",genuine,genuine,genuine,genuine,genuine,genuine,genuine,genuine,genuine,genuine,genuine,1,0,0,0,0,0,1
OLX Pakistan,Alto  2019 VXL AGS,Toyota,Corolla,VXL AGS,2019,5,2360000,23.6,106295,Karachi,1300,Automatic,Petrol,https://www.olx.com.pk/item/alto-2019-vxl-ags-iid-1117823978,https://images.olx.com.pk/thumbnails/640083793-400x300.jpeg,"Featured | Rs 23.60 Lacs | Alto  2019 VXL AGS | 2019 | • | 106,295 km | • | Petrol | Tipu Sultan Road, Karachi | • | 5 hours ago | Call | Chat",genuine,genuine,genuine,genuine,genuine,genuine,genuine,genuine,genuine,genuine,genuine,1,0,0,0,0,0,1
OLX Pakistan,Daihatsu Move 2022,Daihatsu,Move,Standard,2022,2,3500000,35.0,85537,Lahore,1300,Manual,Petrol,https://www.olx.com.pk/item/daihatsu-move-2022-iid-1119691477,https://images.olx.com.pk/thumbnails/648041261-400x300.jpeg,"Featured | Rs 35 Lacs | Daihatsu Move 2022 | 2022 | • | 85,537 km | • | Petrol | Johar Town, Lahore | • | 5 hours ago | Call | Chat | WhatsApp",genuine,genuine,genuine,genuine,genuine,genuine,genuine,genuine,genuine,genuine,genuine,1,0,0,0,0,0,1
OLX Pakistan,Daihatsu Rocky 2020,Daihatsu,Corolla,Standard,2020,4,5350000,53.5,50000,Lahore,1300,Manual,Petrol,https://www.olx.com.pk/item/daihatsu-rocky-2020-iid-1118997789,https://images.olx.com.pk/thumbnails/643900347-400x300.jpeg,"Featured | Rs 53.50 Lacs | Daihatsu Rocky 2020 | 2020 | • | New | • | Petrol | Model Cooperative Housing Society, Okara | • | 5 hours ago | Call | Chat",genuine,genuine,genuine,genuine,genuine,genuine,genuine,genuine,genuine,genuine,genuine,1,0,0,0,0,0,1
OLX Pakistan,Suzuki Spacia Hybrid 660cc 2022 – First User | Japan Import,Suzuki,Corolla,Standard,2022,2,3250000,32.5,20650,Sialkot,1300,Manual,Hybrid,https://www.olx.com.pk/item/suzuki-spacia-hybrid-660cc-2022-first-user-japan-import-iid-1119691440,https://images.olx.com.pk/thumbnails/648041066-400x300.jpeg,"Featured | Rs 32.50 Lacs | Suzuki Spacia Hybrid 660cc 2022 – First User | Japan Import | 2022 | • | 20,650 km | • | Hybrid | Christian Town, Sialkot | • | 5 hours ago | Call | Chat",genuine,genuine,genuine,genuine,genuine,genuine,genuine,genuine,genuine,genuine,genuine,1,0,0,0,0,0,1
OLX Pakistan,Toyota Corolla Altis Grande X CVT-i 1.8 Black Interior 2022,Toyota,Corolla,Standard,2022,2,6800000,68.0,53000,Peshawar,1300,Automatic,Petrol,https://www.olx.com.pk/item/toyota-corolla-altis-grande-x-cvt-i-18-black-interior-2022-iid-1119691252,https://images.olx.com.pk/thumbnails/648039969-400x300.jpeg,"Featured | Rs 68 Lacs | Toyota Corolla Altis Grande X CVT-i 1.8 Black Interior 2022 | 2022 | • | 53,000 km | • | Petrol | Charsadda Road, Peshawar | • | 5 hours ago | Call | Chat",genuine,genuine,genuine,genuine,genuine,genuine,genuine,genuine,genuine,genuine,genuine,1,0,0,0,0,0,1
OLX Pakistan,Suzuki Every 2014/2020 MODEL/B2B GENUINE,Suzuki,Every,Standard,2014,10,1950000,19.5,90000,Lahore,660,Manual,Petrol,https://www.olx.com.pk/item/suzuki-every-20142020-modelb2b-genuine-iid-1119691017,https://images.olx.com.pk/thumbnails/648038518-400x300.jpeg,"Featured | Rs 19.50 Lacs | Suzuki Every 2014/2020 MODEL/B2B GENUINE | 2014 | • | 90,000 km | • | Petrol | Mughalpura, Lahore | • | 5 hours ago | Call | Chat",genuine,genuine,genuine,genuine,genuine,genuine,genuine,genuine,genuine,genuine,genuine,1,0,0,0,0,0,1
OLX Pakistan,Toyota Prado 2019,Toyota,Prado,Standard,2019,5,23900000,239.0,60000,Lahore,1300,Manual,Petrol,https://www.olx.com.pk/item/toyota-prado-2019-iid-1119690952,https://images.olx.com.pk/thumbnails/648038040-400x300.jpeg,"Featured | Rs 2.39 Crore | Toyota Prado 2019 | 2019 | • | 60,000 km | • | Petrol | Johar Town, Lahore | • | 5 hours ago | Call | Chat | WhatsApp",genuine,genuine,genuine,genuine,genuine,genuine,genuine,genuine,genuine,genuine,genuine,1,0,0,0,0,0,1
OLX Pakistan,Toyota Fortuner V 2021,Toyota,Fortuner,Standard,2021,3,12900000,129.0,75000,Lahore,2800,Manual,Petrol,https://www.olx.com.pk/item/toyota-fortuner-v-2021-iid-1119690857,https://images.olx.com.pk/thumbnails/648037347-400x300.jpeg,"Featured | Rs 1.29 Crore | Toyota Fortuner V 2021 | 2021 | • | 75,000 km | • | Petrol | Jail Road, Lahore | • | 5 hours ago | Call | Chat",genuine,genuine,genuine,genuine,genuine,genuine,genuine,genuine,genuine,genuine,genuine,1,0,0,0,0,0,1
OLX Pakistan,Suzuki Alto 2004,Suzuki,Alto,Standard,2004,20,1150000,11.5,178126,Karachi,660,Manual,Petrol,https://www.olx.com.pk/item/suzuki-alto-2004-iid-1119684137,https://images.olx.com.pk/thumbnails/647995777-400x300.jpeg,"Featured | Rs 11.50 Lacs | Suzuki Alto 2004 | 2004 | • | 178,126 km | • | LPG | Murad Memon Goth, Karachi | • | 5 hours ago | Chat",genuine,genuine,genuine,genuine,genuine,genuine,genuine,genuine,genuine,genuine,genuine,1,0,0,0,0,0,1
OLX Pakistan,Hyundai Tucson AWD 2021 | 1st Owner | Total Genuine | 139K KM,Hyundai,Tucson,AWD,2021,3,6650000,66.5,139000,Lahore,2000,Manual,Petrol,https://www.olx.com.pk/item/hyundai-tucson-awd-2021-1st-owner-total-genuine-139k-km-iid-1119487607,https://images.olx.com.pk/thumbnails/647044155-400x300.jpeg,"Featured | Rs 66.50 Lacs | Hyundai Tucson AWD 2021 | 1st Owner | Total Genuine | 139K KM | 2021 | • | 139,000 km | • | Petrol | Lake City, Lahore | • | 5 hours ago | Call | Chat",genuine,genuine,genuine,genuine,genuine,genuine,genuine,genuine,genuine,genuine,genuine,1,0,0,0,0,0,1
OLX Pakistan,Hyundai Tucson AWD 2021 | 1st Owner | Total Genuine | 139K KM,Hyundai,Tucson,AWD,2021,3,6650000,66.5,139000,Lahore,2000,Manual,Petrol,https://www.olx.com.pk/item/hyundai-tucson-awd-2021-1st-owner-total-genuine-139k-km-iid-1119487083,https://images.olx.com.pk/thumbnails/646821627-400x300.jpeg,"Featured | Rs 66.50 Lacs | Hyundai Tucson AWD 2021 | 1st Owner | Total Genuine | 139K KM | 2021 | • | 139,000 km | • | Petrol | Raiwind Road, Lahore | • | 5 hours ago | Call | Chat",genuine,genuine,genuine,genuine,genuine,genuine,genuine,genuine,genuine,genuine,genuine,1,0,0,0,0,0,1
OLX Pakistan,KIA Sportage FWD 2021,KIA,Sportage,FWD,2021,3,6000000,60.0,61000,Karachi,2000,Manual,Petrol,https://www.olx.com.pk/item/kia-sportage-fwd-2021-iid-1119255238,https://images.olx.com.pk/thumbnails/645438833-400x300.jpeg,"Featured | Rs 60 Lacs | KIA Sportage FWD 2021 | 2021 | • | 61,000 km | • | Petrol | Gulshan-E-Hadeed, Karachi | • | 5 hours ago | Chat",genuine,genuine,genuine,genuine,genuine,genuine,genuine,genuine,genuine,genuine,genuine,1,0,0,0,0,0,1
OLX Pakistan,Suzuki Wagon R 2018 VXl,Suzuki,Wagon R,VXL,2018,6,1050000,10.5,350000,Lahore,1000,Manual,Petrol,https://www.olx.com.pk/item/suzuki-wagon-r-2018-vxl-iid-1119690841,https://images.olx.com.pk/thumbnails/648037208-400x300.jpeg,"Featured | Rs 10.50 Lacs | Suzuki Wagon R 2018 VXl | 2018 | • | 350,000 km | • | Petrol | Babu Town, Chichawatni | • | 5 hours ago | Call | Chat",genuine,genuine,genuine,genuine,genuine,genuine,genuine,genuine,genuine,genuine,genuine,1,0,0,0,0,0,1
OLX Pakistan,Toyota Corolla GLI 2011,Toyota,Corolla,Standard,2011,13,2800000,28.0,142000,Karachi,1300,Manual,Petrol,https://www.olx.com.pk/item/toyota-corolla-gli-2011-iid-1119690787,https://images.olx.com.pk/thumbnails/648036914-400x300.jpeg,"Featured | Rs 28 Lacs | Toyota Corolla GLI 2011 | 2011 | • | 142,000 km | • | Petrol | Scheme 33, Karachi | • | 5 hours ago | Call | Chat",genuine,genuine,genuine,genuine,genuine,genuine,genuine,genuine,genuine,genuine,genuine,1,0,0,0,0,0,1
OLX Pakistan,Toyota Fortuner 2.7 V 2026,Toyota,Fortuner,Standard,2026,0,17700000,177.0,1300,Islamabad,2800,Manual,Petrol,https://www.olx.com.pk/item/toyota-fortuner-27-v-2026-iid-1119568479,https://images.olx.com.pk/thumbnails/647311588-400x300.jpeg,"Car of the Week | Rs 1.77 Crore | Toyota Fortuner 2.7 V 2026 | toyota fortuner 2.7V new face lift model 2026 with electric boot, rims changed of GR, body kit installed, 2 digit islamabad number, inter",genuine,genuine,genuine,genuine,genuine,genuine,genuine,genuine,genuine,genuine,genuine,1,0,0,0,0,0,1
OLX Pakistan,KIA Sportage 2020 | First Owner | Totally Genuine | Scratch Less,KIA,Sportage,ES,2020,4,6400000,64.0,120000,Lahore,2000,Manual,Petrol,https://www.olx.com.pk/item/kia-sportage-2020-first-owner-totally-genuine-scratch-less-iid-1119688371,https://images.olx.com.pk/thumbnails/648036039-400x300.jpeg,"Featured | Rs 64 Lacs | KIA Sportage 2020 | First Owner | Totally Genuine | Scratch Less | 2020 | • | 120,000 km | • | Petrol | Johar Town Phase 1, Lahore | • | 5 hours ago | Call | Chat",genuine,genuine,genuine,genuine,genuine,genuine,genuine,genuine,genuine,genuine,genuine,1,0,0,0,0,0,1
OLX Pakistan,Toyota Passo 2019,Toyota,Passo,Standard,2019,5,3650000,36.5,65000,Lahore,1300,Manual,Petrol,https://www.olx.com.pk/item/toyota-passo-2019-iid-1119690605,https://images.olx.com.pk/thumbnails/648035760-400x300.jpeg,"Featured | Rs 36.50 Lacs | Toyota Passo 2019 | 2019 | • | 65,000 km | • | Petrol | Johar Town, Lahore | • | 5 hours ago | Call | Chat | WhatsApp",genuine,genuine,genuine,genuine,genuine,genuine,genuine,genuine,genuine,genuine,genuine,1,0,0,0,0,0,1
OLX Pakistan,Toyota Land Cruiser 2011,Toyota,Land Cruiser,Standard,2011,13,17000000,170.0,133000,Lahore,1300,Manual,Petrol,https://www.olx.com.pk/item/toyota-land-cruiser-2011-iid-1119690303,https://images.olx.com.pk/thumbnails/648033804-400x300.jpeg,"Featured | Rs 1.70 Crore | Toyota Land Cruiser 2011 | 2011 | • | 133,000 km | • | Petrol | Johar Town, Lahore | • | 5 hours ago | Call | Chat | WhatsApp",genuine,genuine,genuine,genuine,genuine,genuine,genuine,genuine,genuine,genuine,genuine,1,0,0,0,0,0,1
OLX Pakistan,Mitsubishi Mirage 2014  Excellent Condition,Toyota,Corolla,Standard,2014,10,2495000,24.95,110000,Lahore,1300,Manual,Petrol,https://www.olx.com.pk/item/mitsubishi-mirage-2014-excellent-condition-iid-1119689763,https://images.olx.com.pk/thumbnails/648030423-400x300.jpeg,"Featured | Rs 24.95 Lacs | Mitsubishi Mirage 2014  Excellent Condition | 2014 | • | 110,000 km | • | Petrol | Garden Town, Lahore | • | 5 hours ago | Call | Chat",genuine,genuine,genuine,genuine,genuine,genuine,genuine,genuine,genuine,genuine,genuine,1,0,0,0,0,0,1
OLX Pakistan,Honda N Wgn 2020,Honda,Corolla,Standard,2020,4,3470000,34.7,67000,Sialkot,1300,Manual,Petrol,https://www.olx.com.pk/item/honda-n-wgn-2020-iid-1119689563,https://images.olx.com.pk/thumbnails/648029225-400x300.jpeg,"Featured | Rs 34.70 Lacs | Honda N Wgn 2020 | 2020 | • | 67,000 km | • | Petrol | Citi Housing Society, Sialkot | • | 5 hours ago | Call | Chat",genuine,genuine,genuine,genuine,genuine,genuine,genuine,genuine,genuine,genuine,genuine,1,0,0,0,0,0,1
OLX Pakistan,Nissan Leaf 2020,Nissan,Corolla,Standard,2020,4,5850000,58.5,75000,Lahore,1300,Manual,Petrol,https://www.olx.com.pk/item/nissan-leaf-2020-iid-1119689982,https://images.olx.com.pk/thumbnails/648031782-400x300.jpeg,"Featured | Rs 58.50 Lacs | Nissan Leaf 2020 | 2020 | • | 75,000 km | • | Petrol | Johar Town, Lahore | • | 5 hours ago | Call | Chat | WhatsApp",genuine,genuine,genuine,genuine,genuine,genuine,genuine,genuine,genuine,genuine,genuine,1,0,0,0,0,0,1
OLX Pakistan,Honda City IVTEC 2014,Honda,City,Standard,2014,10,3180000,31.8,122000,Lahore,1300,Manual,Petrol,https://www.olx.com.pk/item/honda-city-ivtec-2014-iid-1119689976,https://images.olx.com.pk/thumbnails/648031724-400x300.jpeg,"Featured | Rs 31.80 Lacs | Honda City IVTEC 2014 | 2014 | • | 122,000 km | • | Petrol | Al-Raheem Garden - Phase 4, Lahore | • | 5 hours ago | Call | Chat",genuine,genuine,genuine,genuine,genuine,genuine,genuine,genuine,genuine,genuine,genuine,1,0,0,0,0,0,1
OLX Pakistan,Suzuki Every Wagon 2025,Suzuki,Every,Standard,2025,0,2625000,26.25,26500,Lahore,660,Manual,Petrol,https://www.olx.com.pk/item/suzuki-every-wagon-2025-iid-1118779894,https://images.olx.com.pk/thumbnails/648025005-400x300.jpeg,"Featured | Rs 26.25 Lacs | Suzuki Every Wagon 2025 | 2025 | • | 26,500 km | • | Petrol | Asif Colony, Lahore | • | 5 hours ago | Call | Chat",genuine,genuine,genuine,genuine,genuine,genuine,genuine,genuine,genuine,genuine,genuine,1,0,0,0,0,0,1
OLX Pakistan,Suzuki Bolan 2006,Suzuki,Bolan,Standard,2006,18,670000,6.7,10000,Karachi,1300,Manual,Petrol,https://www.olx.com.pk/item/suzuki-bolan-2006-iid-1119648979,https://images.olx.com.pk/thumbnails/647790968-400x300.jpeg,"Featured | Rs 6.70 Lac | Suzuki Bolan 2006 | 2006 | • | 10,000 km | • | Petrol | Zaman Town, Karachi | • | 5 hours ago | Call | Chat",genuine,genuine,genuine,genuine,genuine,genuine,genuine,genuine,genuine,genuine,genuine,1,0,0,0,0,0,1
OLX Pakistan,Suzuki Cultus 2011,Suzuki,Cultus,Standard,2011,13,1290000,12.9,198791,Multan,1000,Manual,Petrol,https://www.olx.com.pk/item/suzuki-cultus-2011-iid-1119529299,https://images.olx.com.pk/thumbnails/648039021-400x300.jpeg,"Featured | Rs 12.90 Lacs | Suzuki Cultus 2011 | 2011 | • | 198,791 km | • | Petrol | Multan Vehari Road, Vehari | • | 5 hours ago | Call | Chat",genuine,genuine,genuine,genuine,genuine,genuine,genuine,genuine,genuine,genuine,genuine,1,0,0,0,0,0,1
OLX Pakistan,Toyota Fortuner Sigma 2021,Toyota,Fortuner,Standard,2021,3,14300000,143.0,38000,Lahore,2800,Manual,Diesel,https://www.olx.com.pk/item/toyota-fortuner-sigma-2021-iid-1119689623,https://images.olx.com.pk/thumbnails/648029563-400x300.jpeg,"Featured | Rs 1.43 Crore | Toyota Fortuner Sigma 2021 | 2021 | • | 38,000 km | • | Diesel | Johar Town, Lahore | • | 5 hours ago | Call | Chat | WhatsApp",genuine,genuine,genuine,genuine,genuine,genuine,genuine,genuine,genuine,genuine,genuine,1,0,0,0,0,0,1
OLX Pakistan,Honda City 2026,Honda,City,Standard,2026,0,4950000,49.5,50000,Lahore,1300,Manual,Petrol,https://www.olx.com.pk/item/honda-city-2026-iid-1119628206,https://images.olx.com.pk/thumbnails/647664435-400x300.jpeg,"Featured | Rs 49.50 Lacs | Honda City 2026 | 2026 | • | New | • | Petrol | Satellite Town, Bahawalpur | • | 5 hours ago | Call | Chat",genuine,genuine,genuine,genuine,genuine,genuine,genuine,genuine,genuine,genuine,genuine,1,0,0,0,0,0,1
OLX Pakistan,Toyota Fortuner 2022,Toyota,Fortuner,Standard,2022,2,13799999,138.0,7000,Lahore,2800,Manual,Diesel,https://www.olx.com.pk/item/toyota-fortuner-2022-iid-1119689256,https://images.olx.com.pk/thumbnails/648027245-400x300.jpeg,"Featured | Rs 1.38 Crore | Toyota Fortuner 2022 | 2022 | • | 7,000 km | • | Diesel | Johar Town, Lahore | • | 6 hours ago | Call | Chat | WhatsApp",genuine,genuine,genuine,genuine,genuine,genuine,genuine,genuine,genuine,genuine,genuine,1,0,0,0,0,0,1
OLX Pakistan,Toyota Altis Grande 1.8 2021,Toyota,Corolla,Altis Grande 1.8,2021,3,6500000,65.0,96000,Lahore,1300,Manual,Petrol,https://www.olx.com.pk/item/toyota-altis-grande-18-2021-iid-1119659240,https://images.olx.com.pk/thumbnails/647851262-400x300.jpeg,"Featured | Rs 65 Lacs | Toyota Altis Grande 1.8 2021 | 2021 | • | 96,000 km | • | Petrol | Jia Musa, Lahore | • | 6 hours ago | Call | Chat",genuine,genuine,genuine,genuine,genuine,genuine,genuine,genuine,genuine,genuine,genuine,1,0,0,0,0,0,1
OLX Pakistan,Toyota Corolla XLI 2013 model 2014 number Xli to GLI converted,Toyota,Corolla,XLi,2013,11,2460000,24.6,133000,Sialkot,1300,Manual,Petrol,https://www.olx.com.pk/item/toyota-corolla-xli-2013-model-2014-number-xli-to-gli-converted-iid-1119689043,https://images.olx.com.pk/thumbnails/648025999-400x300.jpeg,"Featured | Rs 24.60 Lacs | Toyota Corolla XLI 2013 model 2014 number Xli to GLI converted | 2013 | • | 133,000 km | • | Petrol | Cantt, Sialkot | • | 6 hours ago | Call | Chat",genuine,genuine,genuine,genuine,genuine,genuine,genuine,genuine,genuine,genuine,genuine,1,0,0,0,0,0,1
OLX Pakistan,Honda Civic 2009,Honda,Civic,Standard,2009,15,2775000,27.75,144000,Lahore,1800,Manual,Petrol,https://www.olx.com.pk/item/honda-civic-2009-iid-1119570604,https://images.olx.com.pk/thumbnails/647322926-400x300.jpeg,"Featured | Rs 27.75 Lacs | Honda Civic 2009 | 2009 | • | 144,000 km | • | Petrol | Mian Colony, Lahore | • | 6 hours ago | Call | Chat",genuine,genuine,genuine,genuine,genuine,genuine,genuine,genuine,genuine,genuine,genuine,1,0,0,0,0,0,1
OLX Pakistan,Chery Tiggo 8 Pro 2023,Chery,Tiggo,Standard,2023,1,8500000,85.0,35000,Lahore,1300,Manual,Petrol,https://www.olx.com.pk/item/chery-tiggo-8-pro-2023-iid-1119686641,https://images.olx.com.pk/thumbnails/648011427-400x300.jpeg,"Featured | Rs 85 Lacs | Chery Tiggo 8 Pro 2023 | 2023 | • | 35,000 km | • | Petrol | Others, Swat | • | 6 hours ago | Call | Chat",genuine,genuine,genuine,genuine,genuine,genuine,genuine,genuine,genuine,genuine,genuine,1,0,0,0,0,0,1
OLX Pakistan,Honda Civic VTi Oriel Prosmatec 2000,Honda,Civic,VTi Oriel,2000,24,1625000,16.25,200000,Rawalpindi,1800,Automatic,Petrol,https://www.olx.com.pk/item/honda-civic-vti-oriel-prosmatec-2000-iid-1119686154,https://images.olx.com.pk/thumbnails/648008064-400x300.jpeg,"Featured | Rs 16.25 Lacs | Honda Civic VTi Oriel Prosmatec 2000 | 2000 | • | 200,000 km | • | Petrol | Chaklala Scheme, Rawalpindi | • | 6 hours ago | Call | Chat",genuine,genuine,genuine,genuine,genuine,genuine,genuine,genuine,genuine,genuine,genuine,1,0,0,0,0,0,1
OLX Pakistan,Suzuki Spacia 2015,Suzuki,Corolla,Standard,2015,9,2450000,24.5,150000,Peshawar,1300,Manual,Petrol,https://www.olx.com.pk/item/suzuki-spacia-2015-iid-1119672398,https://images.olx.com.pk/thumbnails/647924191-400x300.jpeg,"Featured | Rs 24.50 Lacs | Suzuki Spacia 2015 | 2015 | • | 150,000 km | • | Petrol | Others, Peshawar | • | 6 hours ago | Call | Chat",genuine,genuine,genuine,genuine,genuine,genuine,genuine,genuine,genuine,genuine,genuine,1,0,0,0,0,0,1
OLX Pakistan,Honda Civic Oriel 2017,Honda,Civic,Standard,2017,7,4375000,43.75,170000,Faisalabad,1800,Manual,Petrol,https://www.olx.com.pk/item/honda-civic-oriel-2017-iid-1119679421,https://images.olx.com.pk/thumbnails/647966828-400x300.jpeg,"Featured | Rs 43.75 Lacs | Honda Civic Oriel 2017 | 2017 | • | 170,000 km | • | Petrol | Khayaban Colony, Faisalabad | • | 6 hours ago | Call | Chat",genuine,genuine,genuine,genuine,genuine,genuine,genuine,genuine,genuine,genuine,genuine,1,0,0,0,0,0,1
OLX Pakistan,Suzuki Cultus VXL 2008,Suzuki,Cultus,VXL,2008,16,1150000,11.5,100000,Karachi,1000,Manual,Petrol,https://www.olx.com.pk/item/suzuki-cultus-vxl-2008-iid-1119349388,https://images.olx.com.pk/thumbnails/645998911-400x300.jpeg,"Featured | Rs 11.50 Lacs | Suzuki Cultus VXL 2008 | 2008 | • | 100,000 km | • | Petrol | Nazimabad 3, Karachi | • | 6 hours ago | Call | Chat",genuine,genuine,genuine,genuine,genuine,genuine,genuine,genuine,genuine,genuine,genuine,1,0,0,0,0,0,1
OLX Pakistan,Suzuki Cultus VXL 2021,Suzuki,Cultus,VXL,2021,3,3275000,32.75,75000,Lahore,1000,Manual,Petrol,https://www.olx.com.pk/item/suzuki-cultus-vxl-2021-iid-1119148512,https://images.olx.com.pk/thumbnails/644796696-400x300.jpeg,"Featured | Rs 32.75 Lacs | Suzuki Cultus VXL 2021 | 2021 | • | 75,000 km | • | Petrol | Bahria Town, Lahore | • | 6 hours ago | Call | Chat",genuine,genuine,genuine,genuine,genuine,genuine,genuine,genuine,genuine,genuine,genuine,1,0,0,0,0,0,1
OLX Pakistan,Toyota Passo XL 2021,Toyota,Passo,Standard,2021,3,3725000,37.25,43000,Lahore,1300,Manual,Petrol,https://www.olx.com.pk/item/toyota-passo-xl-2021-iid-1119688810,https://images.olx.com.pk/thumbnails/648024363-400x300.jpeg,"Featured | Rs 37.25 Lacs | Toyota Passo XL 2021 | 2021 | • | 43,000 km | • | Petrol | Johar Town Phase 1, Lahore | • | 6 hours ago | Call | Chat",genuine,genuine,genuine,genuine,genuine,genuine,genuine,genuine,genuine,genuine,genuine,1,0,0,0,0,0,1
OLX Pakistan,Toyota Fortuner V 2013 like brand new,Toyota,Fortuner,Standard,2013,11,6825000,68.25,81000,Lahore,2800,Manual,Petrol,https://www.olx.com.pk/item/toyota-fortuner-v-2013-like-brand-new-iid-1119688683,https://images.olx.com.pk/thumbnails/648023552-400x300.jpeg,"Featured | Rs 68.25 Lacs | Toyota Fortuner V 2013 like brand new | 2013 | • | 81,000 km | • | Petrol | Faisal Town, Lahore | • | 6 hours ago | Call | Chat",genuine,genuine,genuine,genuine,genuine,genuine,genuine,genuine,genuine,genuine,genuine,1,0,0,0,0,0,1
OLX Pakistan,Haval Jolion HEV 2025,Haval,Jolion,Standard,2025,0,9100000,91.0,26700,Karachi,1300,Manual,Hybrid,https://www.olx.com.pk/item/haval-jolion-hev-2025-iid-1119372250,https://images.olx.com.pk/thumbnails/646137582-400x300.jpeg,"Car of the Week | Rs 91 Lacs | Haval Jolion HEV 2025 | 9mil ppf done 100% original Haval dealership maintained Single hand driven Excellent condition | 2025 | • | 26,700 km | • | Hybrid | Federal B Ar",genuine,genuine,genuine,genuine,genuine,genuine,genuine,genuine,genuine,genuine,genuine,1,0,0,0,0,0,1
OLX Pakistan,Toyota Yaris 2023,Toyota,Yaris,Standard,2023,1,4780000,47.8,67777,Lahore,1300,Manual,Petrol,https://www.olx.com.pk/item/toyota-yaris-2023-iid-1119686894,https://images.olx.com.pk/thumbnails/648012875-400x300.jpeg,"Featured | Rs 47.80 Lacs | Toyota Yaris 2023 | 2023 | • | 67,777 km | • | Petrol | Model Town Link Road, Lahore | • | 6 hours ago | Call | Chat",genuine,genuine,genuine,genuine,genuine,genuine,genuine,genuine,genuine,genuine,genuine,1,0,0,0,0,0,1
OLX Pakistan,Honda Civic 2009 Home Used,Honda,Civic,Standard,2009,15,2100000,21.0,160000,Lahore,1800,Manual,Petrol,https://www.olx.com.pk/item/honda-civic-2009-home-used-iid-1119684439,https://images.olx.com.pk/thumbnails/647997667-400x300.jpeg,"Featured | Rs 21 Lacs | Honda Civic 2009 Home Used | 2009 | • | 160,000 km | • | Petrol | Gulberg 2, Lahore | • | 6 hours ago | Call | Chat",genuine,genuine,genuine,genuine,genuine,genuine,genuine,genuine,genuine,genuine,genuine,1,0,0,0,0,0,1
OLX Pakistan,Toyota Vitz 2000-2007 Full Original,Toyota,Vitz,Standard,2000,24,1650000,16.5,140000,Karachi,1000,Manual,Petrol,https://www.olx.com.pk/item/toyota-vitz-2000-2007-full-original-iid-1119665977,https://images.olx.com.pk/thumbnails/647888767-400x300.jpeg,"Featured | Rs 16.50 Lacs | Toyota Vitz 2000-2007 Full Original | 2000 | • | 140,000 km | • | Petrol | Abul Hassan Isphani Road, Karachi | • | 6 hours ago | Call | Chat",genuine,genuine,genuine,genuine,genuine,genuine,genuine,genuine,genuine,genuine,genuine,1,0,0,0,0,0,1
OLX Pakistan,KIA Picanto Automatic 1.0 2020,KIA,Picanto,Standard,2020,4,2799000,27.99,70000,Islamabad,1000,Automatic,Petrol,https://www.olx.com.pk/item/kia-picanto-automatic-10-2020-iid-1118275311,https://images.olx.com.pk/thumbnails/646583861-400x300.jpeg,"Featured | Rs 27.99 Lacs | KIA Picanto Automatic 1.0 2020 | 2020 | • | 70,000 km | • | Petrol | DHA Defence Phase 1, Islamabad | • | 6 hours ago | Call | Chat",genuine,genuine,genuine,genuine,genuine,genuine,genuine,genuine,genuine,genuine,genuine,1,0,0,0,0,0,1
OLX Pakistan,Hyundai Sonata 2.5 2022,Hyundai,Sonata,Standard,2022,2,7925000,79.25,41000,Lahore,2000,Manual,Petrol,https://www.olx.com.pk/item/hyundai-sonata-25-2022-iid-1119630136,https://images.olx.com.pk/thumbnails/647676040-400x300.jpeg,"Featured | Rs 79.25 Lacs | Hyundai Sonata 2.5 2022 | 2022 | • | 41,000 km | • | Petrol | Faisal Town, Lahore | • | 6 hours ago | Call | Chat",genuine,genuine,genuine,genuine,genuine,genuine,genuine,genuine,genuine,genuine,genuine,1,0,0,0,0,0,1
OLX Pakistan,Honda Vezel RS Honda Sensing 2019,Honda,Vezel,Standard,2019,5,7125000,71.25,71000,Lahore,1800,Manual,Hybrid,https://www.olx.com.pk/item/honda-vezel-rs-honda-sensing-2019-iid-1119630032,https://images.olx.com.pk/thumbnails/647675456-400x300.jpeg,"Featured | Rs 71.25 Lacs | Honda Vezel RS Honda Sensing 2019 | 2019 | • | 71,000 km | • | Hybrid | Faisal Town, Lahore | • | 6 hours ago | Call | Chat",genuine,genuine,genuine,genuine,genuine,genuine,genuine,genuine,genuine,genuine,genuine,1,0,0,0,0,0,1
OLX Pakistan,Toyota Vitz 2009 Registered 2012 | Automatic | Black | Neat & Clean,Toyota,Vitz,Standard,2009,15,2350000,23.5,160000,Lahore,1000,Automatic,Petrol,https://www.olx.com.pk/item/toyota-vitz-2009-registered-2012-automatic-black-neat-clean-iid-1119565076,https://images.olx.com.pk/thumbnails/648006745-400x300.jpeg,"Featured | Rs 23.50 Lacs | Toyota Vitz 2009 Registered 2012 | Automatic | Black | Neat & Clean | 2009 | • | 160,000 km | • | Petrol | Shahdara, Lahore | • | 6 hours ago | Chat",genuine,genuine,genuine,genuine,genuine,genuine,genuine,genuine,genuine,genuine,genuine,1,0,0,0,0,0,1
OLX Pakistan,Daihatsu Other 2021 ( 0321 6362578 ),Daihatsu,Corolla,Standard,2021,3,4750000,47.5,20999,Multan,1300,Manual,Petrol,https://www.olx.com.pk/item/daihatsu-other-2021-0321-6362578-iid-1119284239,https://images.olx.com.pk/thumbnails/645614227-400x300.jpeg,"Featured | Rs 47.50 Lacs | Daihatsu Other 2021 ( 0321 6362578 ) | 2021 | • | 20,999 km | • | Petrol | Akbar Road, Multan | • | 6 hours ago | Call | Chat",genuine,genuine,genuine,genuine,genuine,genuine,genuine,genuine,genuine,genuine,genuine,1,0,0,0,0,0,1
OLX Pakistan,Hyundai Elantra 2026 limited edition,Hyundai,Elantra,Standard,2026,0,7200000,72.0,50000,Rawalpindi,2000,Manual,Petrol,https://www.olx.com.pk/item/hyundai-elantra-2026-limited-edition-iid-1119035600,https://images.olx.com.pk/thumbnails/644129320-400x300.jpeg,"Featured | Rs 72 Lacs | Hyundai Elantra 2026 limited edition | 2026 | • | New | • | Petrol | KRL Road, Rawalpindi | • | 6 hours ago | Call | Chat",genuine,genuine,genuine,genuine,genuine,genuine,genuine,genuine,genuine,genuine,genuine,1,0,0,0,0,0,1
OLX Pakistan,Toyota Premio F Prime Selection 1.5 2016,Toyota,Corolla,Standard,2016,8,7400000,74.0,70000,Karachi,1300,Manual,Petrol,https://www.olx.com.pk/item/toyota-premio-f-prime-selection-15-2016-iid-1118882187,https://images.olx.com.pk/thumbnails/643211733-400x300.jpeg,"Featured | Rs 74 Lacs | Toyota Premio F Prime Selection 1.5 2016 | 2016 | • | 70,000 km | • | Petrol | Gulistan-e-Jauhar, Karachi | • | 6 hours ago | Call | Chat",genuine,genuine,genuine,genuine,genuine,genuine,genuine,genuine,genuine,genuine,genuine,1,0,0,0,0,0,1
OLX Pakistan,Daihatsu Mira 2020/24 For Sale,Daihatsu,Mira,Standard,2020,4,3750000,37.5,88600,Sialkot,660,Manual,Petrol,https://www.olx.com.pk/item/daihatsu-mira-202024-for-sale-iid-1118682165,https://images.olx.com.pk/thumbnails/642022341-400x300.jpeg,"Featured | Rs 37.50 Lacs | Daihatsu Mira 2020/24 For Sale | 2024 | • | 88,600 km | • | Petrol | Ugoki, Sialkot | • | 6 hours ago | Call | Chat",genuine,genuine,genuine,genuine,genuine,genuine,genuine,genuine,genuine,genuine,genuine,1,0,0,0,0,0,1
OLX Pakistan,DAIHATSHU CUORE ( 2004 ),Toyota,Corolla,Standard,2004,20,810000,8.1,20000,Lahore,1300,Manual,Petrol,https://www.olx.com.pk/item/daihatshu-cuore-2004-iid-1119326385,https://images.olx.com.pk/thumbnails/645864878-400x300.jpeg,"Featured | Rs 8.10 Lac | DAIHATSHU CUORE ( 2004 ) | 2004 | • | 20,000 km | • | Petrol | Shadbagh, Lahore | • | 6 hours ago | Call | Chat",genuine,genuine,genuine,genuine,genuine,genuine,genuine,genuine,genuine,genuine,genuine,1,0,0,0,0,0,1
OLX Pakistan,Toyota Passo hana plus  2012 /2015 import full option,Toyota,Passo,Standard,2012,12,2550000,25.5,245000,Islamabad,1300,Manual,Petrol,https://www.olx.com.pk/item/toyota-passo-hana-plus-2012-2015-import-full-option-iid-1118461708,https://images.olx.com.pk/thumbnails/640714126-400x300.jpeg,"Featured | Rs 25.50 Lacs | Toyota Passo hana plus  2012 /2015 import full option | 2012 | • | 245,000 km | • | Petrol | DHA Defence Phase 2, Islamabad | • | 6 hours ago | Call | Chat",genuine,genuine,genuine,genuine,genuine,genuine,genuine,genuine,genuine,genuine,genuine,1,0,0,0,0,0,1
OLX Pakistan,Suzuki Alto 2011/2014,Suzuki,Alto,Standard,2011,13,2150000,21.5,167400,Sialkot,660,Manual,Petrol,https://www.olx.com.pk/item/suzuki-alto-20112014-iid-1119658432,https://images.olx.com.pk/thumbnails/647846192-400x300.jpeg,"Featured | Rs 21.50 Lacs | Suzuki Alto 2011/2014 | 2014 | • | 167,400 km | • | Petrol | Zafarwal Road, Sialkot | • | 6 hours ago | Call | Chat",genuine,genuine,genuine,genuine,genuine,genuine,genuine,genuine,genuine,genuine,genuine,1,0,0,0,0,0,1
OLX Pakistan,Honda Civic Prosmetic Oriel – 2008 Reborn,Honda,Civic,Reborn,2008,16,2595000,25.95,194000,Islamabad,1800,Manual,Petrol,https://www.olx.com.pk/item/honda-civic-prosmetic-oriel-2008-reborn-iid-1119666877,https://images.olx.com.pk/thumbnails/647919214-400x300.jpeg,"Featured | Rs 25.95 Lacs | Honda Civic Prosmetic Oriel – 2008 Reborn | 2008 | • | 194,000 km | • | Petrol | DHA Defence Phase 2, Islamabad | • | 6 hours ago | Call | Chat",genuine,genuine,genuine,genuine,genuine,genuine,genuine,genuine,genuine,genuine,genuine,1,0,0,0,0,0,1
OLX Pakistan,(Dr)  Family Used Car Suzuki Alto vxr 2008 outstanding condition,Suzuki,Alto,VXR,2008,16,935000,9.35,112233,Karachi,660,Manual,Petrol,https://www.olx.com.pk/item/dr-family-used-car-suzuki-alto-vxr-2008-outstanding-condition-iid-1119678979,https://images.olx.com.pk/thumbnails/648095354-400x300.jpeg,"Featured | Rs 9.35 Lac | (Dr)  Family Used Car Suzuki Alto vxr 2008 outstanding condition | 2008 | • | 112,233 km | • | Petrol | Airport Road, Karachi | • | 6 hours ago | Call | Chat",genuine,genuine,genuine,genuine,genuine,genuine,genuine,genuine,genuine,genuine,genuine,1,0,0,0,0,0,1
OLX Pakistan,Honda city 2005 model,Honda,City,Standard,2005,19,1600000,16.0,170000,Lahore,1300,Manual,Petrol,https://www.olx.com.pk/item/honda-city-2005-model-iid-1111634372,https://images.olx.com.pk/thumbnails/643529072-400x300.jpeg,"Featured | Rs 16 Lacs | Honda city 2005 model | 2005 | • | 170,000 km | • | Petrol | Al Hussain Villas, Lahore | • | 6 hours ago | Call | Chat",genuine,genuine,genuine,genuine,genuine,genuine,genuine,genuine,genuine,genuine,genuine,1,0,0,0,0,0,1
OLX Pakistan,Suzuki Alto 2007 03340039213,Suzuki,Alto,Standard,2007,17,815000,8.15,85000,Karachi,660,Manual,Petrol,https://www.olx.com.pk/item/suzuki-alto-2007-03340039213-iid-1119568311,https://images.olx.com.pk/thumbnails/647310598-400x300.jpeg,"Featured | Rs 8.15 Lac | Suzuki Alto 2007 03340039213 | 2007 | • | 85,000 km | • | LPG | Green Park City, Karachi | • | 6 hours ago | Chat",genuine,genuine,genuine,genuine,genuine,genuine,genuine,genuine,genuine,genuine,genuine,1,0,0,0,0,0,1
OLX Pakistan,Suzuki Wagon R 2018,Suzuki,Wagon R,Standard,2018,6,1989000,19.89,10700,Lahore,1000,Manual,Petrol,https://www.olx.com.pk/item/suzuki-wagon-r-2018-iid-1119614804,https://images.olx.com.pk/thumbnails/647585187-400x300.jpeg,"Featured | Rs 19.89 Lacs | Suzuki Wagon R 2018 | 2018 | • | 10,700 km | • | Petrol | Johar Town Phase 1, Lahore | • | 7 hours ago | Call | Chat",genuine,genuine,genuine,genuine,genuine,genuine,genuine,genuine,genuine,genuine,genuine,1,0,0,0,0,0,1
OLX Pakistan,Suzuki Every 2019,Suzuki,Every,Standard,2019,5,2175000,21.75,107641,Lahore,660,Manual,Petrol,https://www.olx.com.pk/item/suzuki-every-2019-iid-1119681812,https://images.olx.com.pk/thumbnails/647981499-400x300.jpeg,"Featured | Rs 21.75 Lacs | Suzuki Every 2019 | 2019 | • | 107,641 km | • | Petrol | Guldasht Town, Lahore | • | 7 hours ago | Call | Chat",genuine,genuine,genuine,genuine,genuine,genuine,genuine,genuine,genuine,genuine,genuine,1,0,0,0,0,0,1
OLX Pakistan,Toyota Raize  Z Package 360 Full Option- 2020/2025,Toyota,Raize,Standard,2020,4,5900000,59.0,53500,Karachi,1300,Manual,Petrol,https://www.olx.com.pk/item/toyota-raize-z-package-360-full-option-20202025-iid-1119467553,https://images.olx.com.pk/thumbnails/646704600-400x300.jpeg,"Featured | Rs 59 Lacs | Toyota Raize  Z Package 360 Full Option- 2020/2025 | 2020 | • | 53,500 km | • | Petrol | Gulshan-E-Hadeed, Karachi | • | 7 hours ago | Call | Chat",genuine,genuine,genuine,genuine,genuine,genuine,genuine,genuine,genuine,genuine,genuine,1,0,0,0,0,0,1
OLX Pakistan,Toyota Vitz 2015/2018 PUSH START ( Mira Move Dayz Passo Alto Cultus),Toyota,Vitz,Standard,2015,9,3170000,31.7,50000,Karachi,1000,Manual,Petrol,https://www.olx.com.pk/item/toyota-vitz-20152018-push-start-mira-move-dayz-passo-alto-cultus-iid-1119686827,https://images.olx.com.pk/thumbnails/648012415-400x300.jpeg,"Featured | Rs 31.70 Lacs | Toyota Vitz 2015/2018 PUSH START ( Mira Move Dayz Passo Alto Cultus) | 2015 | • | New | • | Petrol | Jamshed Road, Karachi | • | 7 hours ago | Call | Chat",genuine,genuine,genuine,genuine,genuine,genuine,genuine,genuine,genuine,genuine,genuine,1,0,0,0,0,0,1
OLX Pakistan,Honda Civic VTi Oriel Prosmatec 2014,Honda,Civic,VTi Oriel,2014,10,3579000,35.79,148000,Karachi,1800,Automatic,Petrol,https://www.olx.com.pk/item/honda-civic-vti-oriel-prosmatec-2014-iid-1119686478,https://images.olx.com.pk/thumbnails/648014064-400x300.jpeg,"Featured | Rs 35.79 Lacs | Honda Civic VTi Oriel Prosmatec 2014 | 2014 | • | 148,000 km | • | Petrol | Gulshan-e-Maymar, Karachi | • | 7 hours ago | Call | Chat",genuine,genuine,genuine,genuine,genuine,genuine,genuine,genuine,genuine,genuine,genuine,1,0,0,0,0,0,1
OLX Pakistan,Suzuki Cultus VXR 2017,Suzuki,Cultus,VXR,2017,7,1830000,18.3,50000,Karachi,1000,Manual,Petrol,https://www.olx.com.pk/item/suzuki-cultus-vxr-2017-iid-1119686113,https://images.olx.com.pk/thumbnails/648007828-400x300.jpeg,"Featured | Rs 18.30 Lacs | Suzuki Cultus VXR 2017 | 2017 | • | New | • | Petrol | Gulistan-e-Jauhar, Karachi | • | 7 hours ago | Call | Chat",genuine,genuine,genuine,genuine,genuine,genuine,genuine,genuine,genuine,genuine,genuine,1,0,0,0,0,0,1
